Rounds [TEST DATE: 2019-12-06 00:09],Setup Time,Keygen Time,Encryption Time,Decryption Time
Average Time,0.0011637461185455321,0.050048020124435426,0.1023461287021637,0.06486185216903687
#1,0.0011794567108154297,0.05013608932495117,0.10178947448730469,0.06494665145874023
#2,0.0013539791107177734,0.053154945373535156,0.10153603553771973,0.06503558158874512
#3,0.0012433528900146484,0.05179595947265625,0.10248947143554688,0.06443428993225098
#4,0.0011527538299560547,0.05177450180053711,0.10205626487731934,0.06457114219665527
#5,0.0011544227600097656,0.0509183406829834,0.10193657875061035,0.06438398361206055
#6,0.0012557506561279297,0.050841569900512695,0.10188698768615723,0.06463623046875
#7,0.0011937618255615234,0.05088615417480469,0.10198616981506348,0.06468892097473145
#8,0.0010945796966552734,0.05102896690368652,0.1018376350402832,0.06431818008422852
#9,0.0011489391326904297,0.05080223083496094,0.10139346122741699,0.06484222412109375
#10,0.0011777877807617188,0.05072808265686035,0.10173916816711426,0.06479167938232422
#11,0.0013365745544433594,0.050986289978027344,0.10205674171447754,0.06455755233764648
#12,0.0011780261993408203,0.05097770690917969,0.10178589820861816,0.06436777114868164
#13,0.0011196136474609375,0.05093121528625488,0.10355639457702637,0.06454730033874512
#14,0.0011730194091796875,0.05090761184692383,0.10196805000305176,0.06463956832885742
#15,0.0012936592102050781,0.05098319053649902,0.10213708877563477,0.0678243637084961
#16,0.0011849403381347656,0.050319671630859375,0.10191535949707031,0.06977581977844238
#17,0.0010974407196044922,0.04977989196777344,0.10169553756713867,0.06727027893066406
#18,0.0012350082397460938,0.05036616325378418,0.10188889503479004,0.0652914047241211
#19,0.0010979175567626953,0.049658775329589844,0.10197806358337402,0.06468462944030762
#20,0.0012712478637695312,0.04992938041687012,0.10299229621887207,0.06481075286865234
#21,0.0011293888092041016,0.050536394119262695,0.10262322425842285,0.06463027000427246
#22,0.0012052059173583984,0.05028080940246582,0.10150575637817383,0.06456851959228516
#23,0.0012645721435546875,0.04983639717102051,0.10202550888061523,0.06468892097473145
#24,0.0012485980987548828,0.04978656768798828,0.10196733474731445,0.06460428237915039
#25,0.0013086795806884766,0.0500330924987793,0.1019601821899414,0.06451272964477539
#26,0.0010781288146972656,0.0503687858581543,0.10225534439086914,0.06441426277160645
#27,0.0013163089752197266,0.050047874450683594,0.10203266143798828,0.06533336639404297
#28,0.0012655258178710938,0.04986929893493652,0.10212159156799316,0.06441378593444824
#29,0.001605987548828125,0.04975390434265137,0.1021420955657959,0.06455612182617188
#30,0.0011141300201416016,0.049628257751464844,0.10183048248291016,0.06466460227966309
#31,0.0011272430419921875,0.05005955696105957,0.10191917419433594,0.0655064582824707
#32,0.0011508464813232422,0.049719810485839844,0.10220694541931152,0.0646207332611084
#33,0.0012629032135009766,0.04980111122131348,0.10163044929504395,0.06469321250915527
#34,0.0011115074157714844,0.049771785736083984,0.1016688346862793,0.06464743614196777
#35,0.0011324882507324219,0.0498805046081543,0.10185432434082031,0.06450343132019043
#36,0.001177072525024414,0.0499567985534668,0.10191726684570312,0.06448626518249512
#37,0.0011715888977050781,0.05019187927246094,0.10216665267944336,0.06467413902282715
#38,0.0012707710266113281,0.0500025749206543,0.10154056549072266,0.0648047924041748
#39,0.0011370182037353516,0.049845218658447266,0.10228633880615234,0.06459522247314453
#40,0.0010716915130615234,0.05043983459472656,0.10188007354736328,0.06443333625793457
#41,0.0011792182922363281,0.04998326301574707,0.10229754447937012,0.06456637382507324
#42,0.0012476444244384766,0.049942970275878906,0.10205483436584473,0.06452250480651855
#43,0.001161336898803711,0.04990220069885254,0.10174751281738281,0.06448531150817871
#44,0.0011527538299560547,0.04986882209777832,0.10209298133850098,0.06443548202514648
#45,0.0011525154113769531,0.04968571662902832,0.10483860969543457,0.06456542015075684
#46,0.0011744499206542969,0.04987287521362305,0.11015558242797852,0.06484460830688477
#47,0.0014882087707519531,0.049751996994018555,0.10693764686584473,0.06463336944580078
#48,0.0011255741119384766,0.049822092056274414,0.10822510719299316,0.06480097770690918
#49,0.0011715888977050781,0.04974794387817383,0.10461115837097168,0.0643618106842041
#50,0.0011398792266845703,0.050104379653930664,0.10414266586303711,0.06494736671447754
#51,0.0012650489807128906,0.04976916313171387,0.10428833961486816,0.0648195743560791
#52,0.0012061595916748047,0.04984593391418457,0.10414457321166992,0.06436920166015625
#53,0.0011763572692871094,0.04954886436462402,0.10385727882385254,0.0647575855255127
#54,0.001146554946899414,0.04976487159729004,0.10392355918884277,0.06536030769348145
#55,0.001102447509765625,0.04988551139831543,0.10438799858093262,0.06483292579650879
#56,0.0013337135314941406,0.05001688003540039,0.10433673858642578,0.06447482109069824
#57,0.001146078109741211,0.05007624626159668,0.1054532527923584,0.06493639945983887
#58,0.001089334487915039,0.050128936767578125,0.10716867446899414,0.06446337699890137
#59,0.0011169910430908203,0.04980015754699707,0.1061410903930664,0.06453895568847656
#60,0.0011811256408691406,0.050347089767456055,0.1060953140258789,0.06528091430664062
#61,0.0013322830200195312,0.0500485897064209,0.10533857345581055,0.06467700004577637
#62,0.0012030601501464844,0.04997849464416504,0.10162711143493652,0.06475543975830078
#63,0.0010972023010253906,0.05002903938293457,0.10223245620727539,0.0645294189453125
#64,0.0010952949523925781,0.04990339279174805,0.10193252563476562,0.06472635269165039
#65,0.0012862682342529297,0.04974818229675293,0.10184431076049805,0.0653085708618164
#66,0.0011279582977294922,0.049798011779785156,0.10170817375183105,0.06470417976379395
#67,0.0011484622955322266,0.04995131492614746,0.10149836540222168,0.0644845962524414
#68,0.0013442039489746094,0.04989910125732422,0.10251402854919434,0.06463766098022461
#69,0.0012507438659667969,0.04976081848144531,0.10215139389038086,0.06444311141967773
#70,0.0012025833129882812,0.050139427185058594,0.10197973251342773,0.06454992294311523
#71,0.001210927963256836,0.049658775329589844,0.10225248336791992,0.06549525260925293
#72,0.0010929107666015625,0.05020403861999512,0.10178518295288086,0.06444454193115234
#73,0.0011200904846191406,0.04984235763549805,0.1018681526184082,0.06451034545898438
#74,0.0011663436889648438,0.04979825019836426,0.10210847854614258,0.06496357917785645
#75,0.0012438297271728516,0.05008864402770996,0.10192012786865234,0.06440901756286621
#76,0.0011229515075683594,0.050099849700927734,0.10206174850463867,0.06453633308410645
#77,0.0011477470397949219,0.04997110366821289,0.10258936882019043,0.06466102600097656
#78,0.0012226104736328125,0.04981875419616699,0.10172486305236816,0.0646047592163086
#79,0.0012230873107910156,0.04975390434265137,0.1013038158416748,0.0647132396697998
#80,0.0011267662048339844,0.05059051513671875,0.10175180435180664,0.06472611427307129
#81,0.0012049674987792969,0.05003070831298828,0.10217690467834473,0.06470727920532227
#82,0.0012311935424804688,0.04972481727600098,0.10201406478881836,0.06453824043273926
#83,0.001247406005859375,0.04981207847595215,0.10227274894714355,0.06477189064025879
#84,0.0012047290802001953,0.04990410804748535,0.10268020629882812,0.06534647941589355
#85,0.0011267662048339844,0.04990649223327637,0.10204029083251953,0.06483578681945801
#86,0.0010957717895507812,0.04994010925292969,0.10202145576477051,0.0644071102142334
#87,0.001401662826538086,0.04981350898742676,0.10192751884460449,0.06447124481201172
#88,0.0011210441589355469,0.04982495307922363,0.10184741020202637,0.0646674633026123
#89,0.0011208057403564453,0.049878597259521484,0.10221505165100098,0.06468439102172852
#90,0.0012023448944091797,0.04994559288024902,0.10222554206848145,0.06442785263061523
#91,0.0011544227600097656,0.04975485801696777,0.10184645652770996,0.06499719619750977
#92,0.0012052059173583984,0.04999423027038574,0.10206818580627441,0.06489300727844238
#93,0.0013394355773925781,0.0498809814453125,0.1017909049987793,0.06456589698791504
#94,0.0012004375457763672,0.04999041557312012,0.10228848457336426,0.06466913223266602
#95,0.001130819320678711,0.049833059310913086,0.10184168815612793,0.0644538402557373
#96,0.0011477470397949219,0.050034284591674805,0.1025543212890625,0.06531834602355957
#97,0.001264333724975586,0.049742698669433594,0.10264182090759277,0.06461429595947266
#98,0.0011434555053710938,0.05003523826599121,0.10304737091064453,0.06460309028625488
#99,0.0011761188507080078,0.0500788688659668,0.10198330879211426,0.06468939781188965
#100,0.0012683868408203125,0.05013155937194824,0.10200357437133789,0.0646824836730957
#101,0.0012359619140625,0.05078935623168945,0.10211563110351562,0.06451797485351562
#102,0.00112152099609375,0.049904823303222656,0.10252976417541504,0.064666748046875
#103,0.001130819320678711,0.049772024154663086,0.1019129753112793,0.06456351280212402
#104,0.0011227130889892578,0.049742937088012695,0.10236048698425293,0.06450033187866211
#105,0.001127481460571289,0.04980587959289551,0.10196900367736816,0.06475019454956055
#106,0.0011548995971679688,0.049874305725097656,0.10339641571044922,0.0644674301147461
#107,0.0011320114135742188,0.04985332489013672,0.10199356079101562,0.06450700759887695
#108,0.0011472702026367188,0.04978179931640625,0.10251855850219727,0.0645895004272461
#109,0.001264810562133789,0.050020456314086914,0.10222768783569336,0.06447911262512207
#110,0.001157999038696289,0.05023813247680664,0.10208821296691895,0.06449294090270996
#111,0.0011487007141113281,0.04992079734802246,0.1018221378326416,0.06452679634094238
#112,0.0011472702026367188,0.04994392395019531,0.10179924964904785,0.06474161148071289
#113,0.0011265277862548828,0.049756765365600586,0.10192608833312988,0.06456708908081055
#114,0.0011508464813232422,0.04975128173828125,0.10182690620422363,0.06442928314208984
#115,0.001211404800415039,0.04986977577209473,0.10261011123657227,0.06456637382507324
#116,0.0011200904846191406,0.04988694190979004,0.1024012565612793,0.06490778923034668
#117,0.001157999038696289,0.049790382385253906,0.1021568775177002,0.06446027755737305
#118,0.0011489391326904297,0.04982757568359375,0.10230445861816406,0.0649116039276123
#119,0.001127481460571289,0.05057716369628906,0.102142333984375,0.06460070610046387
#120,0.0013854503631591797,0.049695730209350586,0.10216140747070312,0.06503105163574219
#121,0.0011551380157470703,0.049837589263916016,0.10173249244689941,0.06473088264465332
#122,0.0012021064758300781,0.05005049705505371,0.1050107479095459,0.06445670127868652
#123,0.0010912418365478516,0.05006241798400879,0.10306024551391602,0.06474089622497559
#124,0.0012056827545166016,0.049906015396118164,0.10152578353881836,0.06438970565795898
#125,0.0012314319610595703,0.04973435401916504,0.1022024154663086,0.0646352767944336
#126,0.0011742115020751953,0.04993462562561035,0.10184335708618164,0.06514906883239746
#127,0.0012934207916259766,0.04994010925292969,0.10259699821472168,0.06462740898132324
#128,0.001313924789428711,0.04974532127380371,0.10178256034851074,0.06467962265014648
#129,0.0011496543884277344,0.04995584487915039,0.10209870338439941,0.06483840942382812
#130,0.0012369155883789062,0.04979705810546875,0.10270047187805176,0.06423783302307129
#131,0.0011210441589355469,0.049730539321899414,0.10159564018249512,0.06458139419555664
#132,0.0011196136474609375,0.04985380172729492,0.10222554206848145,0.06470799446105957
#133,0.00109100341796875,0.049803733825683594,0.10201644897460938,0.0646059513092041
#134,0.0011265277862548828,0.05027174949645996,0.10204029083251953,0.06483721733093262
#135,0.001111745834350586,0.04979562759399414,0.10285735130310059,0.0654757022857666
#136,0.0014433860778808594,0.050104618072509766,0.1032254695892334,0.06441545486450195
#137,0.0012090206146240234,0.04962038993835449,0.10208415985107422,0.0644841194152832
#138,0.0011780261993408203,0.05017971992492676,0.1019744873046875,0.06496524810791016
#139,0.001279592514038086,0.05020475387573242,0.10136675834655762,0.06448173522949219
#140,0.0012378692626953125,0.05003023147583008,0.10206723213195801,0.06454730033874512
#141,0.0011239051818847656,0.05010390281677246,0.10208725929260254,0.06466412544250488
#142,0.0012025833129882812,0.049996137619018555,0.10187363624572754,0.06446290016174316
#143,0.001173257827758789,0.04958939552307129,0.10206747055053711,0.06604290008544922
#144,0.0010979175567626953,0.04991888999938965,0.10176253318786621,0.06607270240783691
#145,0.0010955333709716797,0.04999256134033203,0.10244894027709961,0.06447601318359375
#146,0.0012574195861816406,0.05007791519165039,0.10222029685974121,0.06460714340209961
#147,0.0012111663818359375,0.04965376853942871,0.10192584991455078,0.06464719772338867
#148,0.001233816146850586,0.050081491470336914,0.10238337516784668,0.0645895004272461
#149,0.0011227130889892578,0.04971170425415039,0.10206890106201172,0.06450557708740234
#150,0.001178741455078125,0.049893856048583984,0.10193848609924316,0.06462597846984863
#151,0.0011568069458007812,0.05015420913696289,0.10170745849609375,0.06496596336364746
#152,0.001150369644165039,0.0499722957611084,0.1017754077911377,0.06810522079467773
#153,0.0010955333709716797,0.050055503845214844,0.10190033912658691,0.06865477561950684
#154,0.0011267662048339844,0.04986381530761719,0.10159516334533691,0.06775927543640137
#155,0.0010693073272705078,0.05057477951049805,0.10191082954406738,0.06456732749938965
#156,0.0011477470397949219,0.04983663558959961,0.10213112831115723,0.06459879875183105
#157,0.0011758804321289062,0.04973340034484863,0.10160541534423828,0.06455659866333008
#158,0.0012660026550292969,0.05036354064941406,0.10193204879760742,0.06457924842834473
#159,0.0010950565338134766,0.050000667572021484,0.1027073860168457,0.06491684913635254
#160,0.0011510848999023438,0.04989266395568848,0.10180044174194336,0.06481552124023438
#161,0.0012083053588867188,0.04987454414367676,0.1018056869506836,0.06738519668579102
#162,0.001153707504272461,0.04985785484313965,0.10249733924865723,0.06491374969482422
#163,0.0010957717895507812,0.04975175857543945,0.10182023048400879,0.0645151138305664
#164,0.0011212825775146484,0.04979252815246582,0.10273098945617676,0.06473278999328613
#165,0.0011529922485351562,0.049945831298828125,0.1018669605255127,0.06460976600646973
#166,0.0011219978332519531,0.04981684684753418,0.10195064544677734,0.06444215774536133
#167,0.0010657310485839844,0.04981660842895508,0.10337471961975098,0.06453609466552734
#168,0.001421213150024414,0.050086259841918945,0.10208415985107422,0.06526660919189453
#169,0.0012509822845458984,0.049663543701171875,0.10198855400085449,0.06531167030334473
#170,0.0011744499206542969,0.049820899963378906,0.10222768783569336,0.06473731994628906
#171,0.0011861324310302734,0.04990410804748535,0.10188961029052734,0.06453299522399902
#172,0.0011243820190429688,0.04986691474914551,0.10181427001953125,0.06464195251464844
#173,0.0010712146759033203,0.04979872703552246,0.10195231437683105,0.0645599365234375
#174,0.0012066364288330078,0.049803972244262695,0.10225462913513184,0.06453227996826172
#175,0.0012898445129394531,0.05015087127685547,0.10198259353637695,0.06459331512451172
#176,0.0010673999786376953,0.04987525939941406,0.10282206535339355,0.06478738784790039
#177,0.0012576580047607422,0.049906253814697266,0.10383987426757812,0.0646815299987793
#178,0.0011544227600097656,0.050627946853637695,0.10178613662719727,0.06494998931884766
#179,0.0011799335479736328,0.05015921592712402,0.10230612754821777,0.06523704528808594
#180,0.0011837482452392578,0.050119638442993164,0.10152888298034668,0.06461620330810547
#181,0.0011508464813232422,0.049777984619140625,0.10198163986206055,0.0646507740020752
#182,0.0013723373413085938,0.049896240234375,0.10301351547241211,0.06450653076171875
#183,0.0011484622955322266,0.04979705810546875,0.10169625282287598,0.06455492973327637
#184,0.0014688968658447266,0.04981493949890137,0.10164070129394531,0.06515264511108398
#185,0.0014119148254394531,0.0498051643371582,0.10219597816467285,0.06502699851989746
#186,0.0012042522430419922,0.049941301345825195,0.10193729400634766,0.06455183029174805
#187,0.0012025833129882812,0.05002117156982422,0.10192680358886719,0.06488466262817383
#188,0.0011823177337646484,0.0499420166015625,0.10218167304992676,0.06485795974731445
#189,0.0011239051818847656,0.04972505569458008,0.10180211067199707,0.06431269645690918
#190,0.0011811256408691406,0.04963874816894531,0.10165524482727051,0.06590485572814941
#191,0.001129150390625,0.049978017807006836,0.10174131393432617,0.0658414363861084
#192,0.0010724067687988281,0.04990696907043457,0.10193395614624023,0.06618833541870117
#193,0.0012292861938476562,0.049825429916381836,0.10196352005004883,0.06587600708007812
#194,0.0012836456298828125,0.05027890205383301,0.10196185111999512,0.06453371047973633
#195,0.0011143684387207031,0.04975390434265137,0.10241436958312988,0.06463766098022461
#196,0.0010981559753417969,0.04982399940490723,0.10178303718566895,0.06477165222167969
#197,0.0012607574462890625,0.05031085014343262,0.10167384147644043,0.0643777847290039
#198,0.001188039779663086,0.05001258850097656,0.1015939712524414,0.06443190574645996
#199,0.0011775493621826172,0.04983162879943848,0.10196781158447266,0.06480216979980469
#200,0.0013659000396728516,0.05007147789001465,0.10219621658325195,0.06445503234863281
#201,0.0011005401611328125,0.04991888999938965,0.10192346572875977,0.06469011306762695
#202,0.001153707504272461,0.04983258247375488,0.10188555717468262,0.06505250930786133
#203,0.001125335693359375,0.0500330924987793,0.10172486305236816,0.06450533866882324
#204,0.0010952949523925781,0.05007195472717285,0.10196423530578613,0.06442880630493164
#205,0.0012667179107666016,0.04987192153930664,0.10197234153747559,0.0645294189453125
#206,0.0011227130889892578,0.04978680610656738,0.10155129432678223,0.06497836112976074
#207,0.0011806488037109375,0.04984283447265625,0.10206866264343262,0.06723618507385254
#208,0.0012469291687011719,0.04976844787597656,0.10211968421936035,0.06516551971435547
#209,0.001371622085571289,0.049866437911987305,0.10205769538879395,0.06450939178466797
#210,0.0012750625610351562,0.04994702339172363,0.10200333595275879,0.06481456756591797
#211,0.001188516616821289,0.050037384033203125,0.10171699523925781,0.06469130516052246
#212,0.0011789798736572266,0.05002284049987793,0.10201430320739746,0.06484150886535645
#213,0.0012903213500976562,0.0499272346496582,0.10274958610534668,0.06428170204162598
#214,0.0011751651763916016,0.04992985725402832,0.10195732116699219,0.06461906433105469
#215,0.0012676715850830078,0.04985499382019043,0.10233449935913086,0.06440210342407227
#216,0.001123666763305664,0.04978370666503906,0.10195755958557129,0.06458830833435059
#217,0.0011539459228515625,0.05083155632019043,0.1017751693725586,0.06478023529052734
#218,0.0011837482452392578,0.04987668991088867,0.10184812545776367,0.06456565856933594
#219,0.0011210441589355469,0.05028796195983887,0.1020956039428711,0.0646519660949707
#220,0.0010676383972167969,0.049658775329589844,0.10209846496582031,0.06502151489257812
#221,0.0011715888977050781,0.04976963996887207,0.10233616828918457,0.06447124481201172
#222,0.0012722015380859375,0.049681901931762695,0.10165095329284668,0.06458163261413574
#223,0.001068115234375,0.04984736442565918,0.10237646102905273,0.06452035903930664
#224,0.0010678768157958984,0.04980826377868652,0.10158610343933105,0.06493043899536133
#225,0.0011775493621826172,0.05001115798950195,0.10189604759216309,0.06451249122619629
#226,0.001068115234375,0.04999661445617676,0.10201287269592285,0.06449007987976074
#227,0.0011219978332519531,0.049938201904296875,0.10225582122802734,0.06458115577697754
#228,0.001065969467163086,0.04998278617858887,0.10201025009155273,0.06484174728393555
#229,0.0011818408966064453,0.049840450286865234,0.10258245468139648,0.06454873085021973
#230,0.0013141632080078125,0.05002474784851074,0.10175967216491699,0.06506133079528809
#231,0.0012614727020263672,0.04996895790100098,0.10164523124694824,0.0643773078918457
#232,0.0012118816375732422,0.05020260810852051,0.10181403160095215,0.06504464149475098
#233,0.0010972023010253906,0.050154924392700195,0.1023721694946289,0.06469845771789551
#234,0.00112152099609375,0.049788475036621094,0.1023702621459961,0.06522893905639648
#235,0.001186370849609375,0.0499730110168457,0.10298514366149902,0.06446647644042969
#236,0.0011258125305175781,0.05016350746154785,0.10245704650878906,0.06456804275512695
#237,0.0012068748474121094,0.05026841163635254,0.10197210311889648,0.06444096565246582
#238,0.0010960102081298828,0.049730777740478516,0.10158562660217285,0.06451296806335449
#239,0.001157999038696289,0.05005002021789551,0.1039280891418457,0.06477713584899902
#240,0.001123189926147461,0.04989457130432129,0.10522603988647461,0.06474590301513672
#241,0.0011241436004638672,0.04995298385620117,0.1096351146697998,0.06460022926330566
#242,0.0011000633239746094,0.04982781410217285,0.10859441757202148,0.06449604034423828
#243,0.001100301742553711,0.04963970184326172,0.10868144035339355,0.06509852409362793
#244,0.0011229515075683594,0.04985404014587402,0.10822272300720215,0.06432962417602539
#245,0.0011534690856933594,0.049744367599487305,0.10649371147155762,0.06482839584350586
#246,0.0011818408966064453,0.05040287971496582,0.1020357608795166,0.064544677734375
#247,0.0011248588562011719,0.04952859878540039,0.10250043869018555,0.06474900245666504
#248,0.0011739730834960938,0.04996466636657715,0.10199689865112305,0.06513524055480957
#249,0.0010983943939208984,0.04987668991088867,0.10228633880615234,0.06436276435852051
#250,0.0010986328125,0.049756765365600586,0.10199999809265137,0.06443452835083008
#251,0.0010995864868164062,0.05008220672607422,0.10207080841064453,0.06471014022827148
#252,0.0011513233184814453,0.05008649826049805,0.10225033760070801,0.06491470336914062
#253,0.0011866092681884766,0.04970741271972656,0.10263419151306152,0.06507253646850586
#254,0.0010685920715332031,0.04963397979736328,0.10287332534790039,0.06534051895141602
#255,0.0010972023010253906,0.04994392395019531,0.10189414024353027,0.06461906433105469
#256,0.0010972023010253906,0.05059361457824707,0.10262441635131836,0.06486892700195312
#257,0.0011034011840820312,0.04993796348571777,0.10242938995361328,0.06470894813537598
#258,0.001316070556640625,0.04987621307373047,0.10213589668273926,0.06517291069030762
#259,0.0010981559753417969,0.049819231033325195,0.10223960876464844,0.06459879875183105
#260,0.001074075698852539,0.04990959167480469,0.10218477249145508,0.06466555595397949
#261,0.0012333393096923828,0.0497434139251709,0.10244011878967285,0.06472134590148926
#262,0.0010955333709716797,0.050012826919555664,0.102294921875,0.06540274620056152
#263,0.0011522769927978516,0.049782752990722656,0.10193514823913574,0.06497764587402344
#264,0.0011167526245117188,0.04995274543762207,0.10170817375183105,0.06429862976074219
#265,0.0012781620025634766,0.04985380172729492,0.10222506523132324,0.0648031234741211
#266,0.001172780990600586,0.04988813400268555,0.10196137428283691,0.0648798942565918
#267,0.0012602806091308594,0.04994034767150879,0.10197830200195312,0.06485223770141602
#268,0.0011751651763916016,0.04981279373168945,0.10174989700317383,0.06461501121520996
#269,0.0011205673217773438,0.04995536804199219,0.10191178321838379,0.06439805030822754
#270,0.0012907981872558594,0.04994368553161621,0.1017611026763916,0.06451034545898438
#271,0.0011217594146728516,0.049814701080322266,0.10171985626220703,0.06493258476257324
#272,0.0010955333709716797,0.04987955093383789,0.10185456275939941,0.06554913520812988
#273,0.0011479854583740234,0.04973888397216797,0.10228562355041504,0.06478619575500488
#274,0.0010726451873779297,0.049802541732788086,0.10170793533325195,0.06484293937683105
#275,0.0011227130889892578,0.04989743232727051,0.10190534591674805,0.06536555290222168
#276,0.0010955333709716797,0.050170183181762695,0.10175585746765137,0.06447815895080566
#277,0.0012359619140625,0.04963970184326172,0.10196542739868164,0.06452035903930664
#278,0.0011749267578125,0.04990673065185547,0.10241198539733887,0.0644676685333252
#279,0.001312255859375,0.04998445510864258,0.1024007797241211,0.06542491912841797
#280,0.0012922286987304688,0.04979896545410156,0.10199475288391113,0.06438302993774414
#281,0.0010955333709716797,0.049886465072631836,0.1019124984741211,0.06455445289611816
#282,0.0011501312255859375,0.049964189529418945,0.10190415382385254,0.06455779075622559
#283,0.0011470317840576172,0.04991030693054199,0.10297012329101562,0.06601214408874512
#284,0.0011532306671142578,0.049857139587402344,0.1017301082611084,0.06599092483520508
#285,0.0010950565338134766,0.05006837844848633,0.10196232795715332,0.06434273719787598
#286,0.0011224746704101562,0.04976820945739746,0.10228323936462402,0.06443285942077637
#287,0.0011556148529052734,0.049736738204956055,0.10193634033203125,0.0646672248840332
#288,0.0011243820190429688,0.04977297782897949,0.10195398330688477,0.0647733211517334
#289,0.001149892807006836,0.049742698669433594,0.10263824462890625,0.0682520866394043
#290,0.0010945796966552734,0.04975533485412598,0.10196542739868164,0.06899905204772949
#291,0.0011267662048339844,0.050015926361083984,0.10186266899108887,0.06785726547241211
#292,0.0014748573303222656,0.050034523010253906,0.1027824878692627,0.0665426254272461
#293,0.0011491775512695312,0.04982805252075195,0.10201525688171387,0.06485605239868164
#294,0.0011260509490966797,0.05004763603210449,0.10170221328735352,0.06452226638793945
#295,0.0010967254638671875,0.05055665969848633,0.10219955444335938,0.06440353393554688
#296,0.0010950565338134766,0.049855947494506836,0.10187768936157227,0.06423091888427734
#297,0.0010960102081298828,0.04989361763000488,0.10173988342285156,0.06533527374267578
#298,0.0012505054473876953,0.04990530014038086,0.10294246673583984,0.06452202796936035
#299,0.0010678768157958984,0.049839019775390625,0.10229063034057617,0.06466794013977051
#300,0.0011518001556396484,0.04980826377868652,0.10162854194641113,0.06520724296569824
#301,0.0010738372802734375,0.04999589920043945,0.10203003883361816,0.06442952156066895
#302,0.0011262893676757812,0.050020456314086914,0.10168313980102539,0.06522297859191895
#303,0.0012094974517822266,0.04976963996887207,0.10149216651916504,0.06527876853942871
#304,0.0010960102081298828,0.049828290939331055,0.10184621810913086,0.06483101844787598
#305,0.0011806488037109375,0.05016374588012695,0.10244059562683105,0.06458902359008789
#306,0.0011224746704101562,0.05002307891845703,0.10212087631225586,0.06445813179016113
#307,0.0012311935424804688,0.04972958564758301,0.10127830505371094,0.06538581848144531
#308,0.0011277198791503906,0.04974699020385742,0.10186028480529785,0.06456136703491211
#309,0.0010700225830078125,0.04973578453063965,0.10216641426086426,0.06441879272460938
#310,0.0010688304901123047,0.04990243911743164,0.10199713706970215,0.06461310386657715
#311,0.0010688304901123047,0.04993033409118652,0.10167336463928223,0.06448674201965332
#312,0.001153707504272461,0.04991340637207031,0.10207056999206543,0.06466317176818848
#313,0.0010688304901123047,0.04978060722351074,0.1022343635559082,0.06473255157470703
#314,0.0010683536529541016,0.04982113838195801,0.10278725624084473,0.06450510025024414
#315,0.001096963882446289,0.05033111572265625,0.10185718536376953,0.06464958190917969
#316,0.0011286735534667969,0.04992032051086426,0.10186195373535156,0.06466937065124512
#317,0.0011768341064453125,0.04981184005737305,0.10217094421386719,0.06445193290710449
#318,0.0011837482452392578,0.05019855499267578,0.10210680961608887,0.06472969055175781
#319,0.00118255615234375,0.04971790313720703,0.10212993621826172,0.0651998519897461
#320,0.0011248588562011719,0.049920082092285156,0.10128521919250488,0.064666748046875
#321,0.0014472007751464844,0.049781084060668945,0.10169100761413574,0.06448483467102051
#322,0.0011286735534667969,0.05006980895996094,0.10328125953674316,0.06472253799438477
#323,0.0011241436004638672,0.04982948303222656,0.10183858871459961,0.06453418731689453
#324,0.0011777877807617188,0.05031633377075195,0.10204005241394043,0.06446456909179688
#325,0.0010676383972167969,0.050019025802612305,0.10214710235595703,0.06482815742492676
#326,0.0012662410736083984,0.04980659484863281,0.10209035873413086,0.06447863578796387
#327,0.0011799335479736328,0.0500028133392334,0.10177898406982422,0.06472444534301758
#328,0.0011970996856689453,0.0498807430267334,0.1026301383972168,0.06452631950378418
#329,0.0011546611785888672,0.04989314079284668,0.10172533988952637,0.06461691856384277
#330,0.001096963882446289,0.05018877983093262,0.10218167304992676,0.06479501724243164
#331,0.0011229515075683594,0.0498049259185791,0.10262775421142578,0.064666748046875
#332,0.0012509822845458984,0.050066232681274414,0.10172033309936523,0.06439781188964844
#333,0.0012633800506591797,0.04988813400268555,0.10216927528381348,0.06439900398254395
#334,0.001119852066040039,0.05010271072387695,0.10216331481933594,0.0646202564239502
#335,0.0011518001556396484,0.04999256134033203,0.10213017463684082,0.06477022171020508
#336,0.0012357234954833984,0.04986238479614258,0.10189628601074219,0.06514692306518555
#337,0.001123666763305664,0.04973864555358887,0.1026909351348877,0.06516361236572266
#338,0.0010960102081298828,0.05012059211730957,0.10211634635925293,0.06537961959838867
#339,0.001294851303100586,0.04980659484863281,0.10172533988952637,0.06554079055786133
#340,0.0010960102081298828,0.05031156539916992,0.10198831558227539,0.06453561782836914
#341,0.001176595687866211,0.05012226104736328,0.1013939380645752,0.06444120407104492
#342,0.0011794567108154297,0.049878597259521484,0.10205817222595215,0.06466078758239746
#343,0.001207590103149414,0.04999589920043945,0.10199522972106934,0.06460046768188477
#344,0.0011205673217773438,0.05022263526916504,0.10237789154052734,0.06445527076721191
#345,0.0012311935424804688,0.049927473068237305,0.10241103172302246,0.0644998550415039
#346,0.0011806488037109375,0.04967355728149414,0.10180544853210449,0.06562280654907227
#347,0.0011515617370605469,0.04991555213928223,0.10189962387084961,0.06536698341369629
#348,0.0010957717895507812,0.04981732368469238,0.1019287109375,0.06599044799804688
#349,0.0012340545654296875,0.04973030090332031,0.1018834114074707,0.06593108177185059
#350,0.001153707504272461,0.04996824264526367,0.10182881355285645,0.06521487236022949
#351,0.0011508464813232422,0.04986453056335449,0.10201859474182129,0.06446051597595215
#352,0.0011219978332519531,0.04969167709350586,0.1020653247833252,0.06469869613647461
#353,0.0011289119720458984,0.04987454414367676,0.1018221378326416,0.06435585021972656
#354,0.0012624263763427734,0.05034923553466797,0.10188627243041992,0.06463813781738281
#355,0.0012078285217285156,0.049874305725097656,0.10206055641174316,0.06542468070983887
#356,0.0011823177337646484,0.05001473426818848,0.10169410705566406,0.06454181671142578
#357,0.0011222362518310547,0.049783945083618164,0.10218930244445801,0.06591176986694336
#358,0.0011224746704101562,0.05040574073791504,0.10212397575378418,0.06474184989929199
#359,0.0010683536529541016,0.04973888397216797,0.10178184509277344,0.0646371841430664
#360,0.0012631416320800781,0.050348520278930664,0.10187077522277832,0.06451225280761719
#361,0.0011773109436035156,0.04985475540161133,0.10211658477783203,0.06454157829284668
#362,0.0011758804321289062,0.05014753341674805,0.10199403762817383,0.06462240219116211
#363,0.0011775493621826172,0.04990577697753906,0.10177350044250488,0.06449651718139648
#364,0.0011525154113769531,0.05008840560913086,0.10212826728820801,0.06474161148071289
#365,0.0010709762573242188,0.04963850975036621,0.10220980644226074,0.06456494331359863
#366,0.0011432170867919922,0.04966139793395996,0.1017913818359375,0.06445908546447754
#367,0.0011026859283447266,0.04974055290222168,0.10181879997253418,0.06462359428405762
#368,0.0010685920715332031,0.04994797706604004,0.10211491584777832,0.06467413902282715
#369,0.0012040138244628906,0.04970812797546387,0.10195207595825195,0.0645608901977539
#370,0.0014705657958984375,0.049807071685791016,0.10264325141906738,0.06455707550048828
#371,0.0011227130889892578,0.04980874061584473,0.10425686836242676,0.06478142738342285
#372,0.0010688304901123047,0.049678802490234375,0.10389876365661621,0.06453728675842285
#373,0.0012063980102539062,0.050043582916259766,0.10408282279968262,0.06440567970275879
#374,0.0010750293731689453,0.050287485122680664,0.10399913787841797,0.06440997123718262
#375,0.0011205673217773438,0.049733877182006836,0.10443496704101562,0.06469607353210449
#376,0.0012049674987792969,0.049936532974243164,0.10420799255371094,0.0647270679473877
#377,0.0011515617370605469,0.050079345703125,0.10247468948364258,0.06619024276733398
#378,0.001177072525024414,0.04984760284423828,0.10233402252197266,0.06533241271972656
#379,0.0011227130889892578,0.05001473426818848,0.10174918174743652,0.06477022171020508
#380,0.0011756420135498047,0.04980969429016113,0.10184216499328613,0.06455802917480469
#381,0.0014164447784423828,0.04983234405517578,0.10202670097351074,0.06435656547546387
#382,0.0011529922485351562,0.049939632415771484,0.10202574729919434,0.06526613235473633
#383,0.001096487045288086,0.050028324127197266,0.10201716423034668,0.06462693214416504
#384,0.0012080669403076172,0.05017590522766113,0.10231709480285645,0.06479501724243164
#385,0.0011241436004638672,0.049872398376464844,0.10176348686218262,0.06450343132019043
#386,0.001123666763305664,0.04970955848693848,0.10189390182495117,0.06479954719543457
#387,0.0012063980102539062,0.0499567985534668,0.10193967819213867,0.06453728675842285
#388,0.0010690689086914062,0.05002117156982422,0.1029360294342041,0.0644235610961914
#389,0.0012836456298828125,0.04983806610107422,0.10172224044799805,0.06446528434753418
#390,0.0010955333709716797,0.04994368553161621,0.10213112831115723,0.06444644927978516
#391,0.0011820793151855469,0.04982757568359375,0.10213994979858398,0.06478619575500488
#392,0.0012087821960449219,0.049753427505493164,0.10199213027954102,0.06442451477050781
#393,0.0011761188507080078,0.05048561096191406,0.10175108909606934,0.06469440460205078
#394,0.0012090206146240234,0.04990720748901367,0.10207557678222656,0.0645449161529541
#395,0.0010671615600585938,0.049889326095581055,0.10207271575927734,0.06449651718139648
#396,0.0011515617370605469,0.04996919631958008,0.1022801399230957,0.06446528434753418
#397,0.0011763572692871094,0.04986405372619629,0.1022036075592041,0.06482625007629395
#398,0.0012104511260986328,0.04998040199279785,0.10209441184997559,0.0645132064819336
#399,0.0010952949523925781,0.04989743232727051,0.10207223892211914,0.06460809707641602
#400,0.0011477470397949219,0.049849748611450195,0.10173559188842773,0.06477236747741699
#401,0.0012383460998535156,0.049689531326293945,0.10168194770812988,0.06456971168518066
#402,0.0011775493621826172,0.049742937088012695,0.10182332992553711,0.06447672843933105
#403,0.001125335693359375,0.05015373229980469,0.10325288772583008,0.06477046012878418
#404,0.0010941028594970703,0.04979538917541504,0.10220909118652344,0.06445717811584473
#405,0.0012135505676269531,0.04975461959838867,0.10190057754516602,0.06442427635192871
#406,0.0010683536529541016,0.04989433288574219,0.1020658016204834,0.0643301010131836
#407,0.0011785030364990234,0.04977059364318848,0.10193610191345215,0.06485247611999512
#408,0.001154184341430664,0.04985380172729492,0.10174989700317383,0.06496596336364746
#409,0.0010669231414794922,0.04984474182128906,0.1022191047668457,0.06462979316711426
#410,0.0012044906616210938,0.05000019073486328,0.10315513610839844,0.06450772285461426
#411,0.0011219978332519531,0.050064802169799805,0.1018514633178711,0.06464457511901855
#412,0.0011854171752929688,0.0500643253326416,0.10195565223693848,0.06486797332763672
#413,0.001180887222290039,0.05020594596862793,0.10177779197692871,0.0645895004272461
#414,0.0011203289031982422,0.05013704299926758,0.10290193557739258,0.06546449661254883
#415,0.0011832714080810547,0.04991507530212402,0.10173416137695312,0.06454277038574219
#416,0.0010981559753417969,0.049832820892333984,0.10187530517578125,0.06479787826538086
#417,0.001125335693359375,0.05004620552062988,0.10223722457885742,0.06461453437805176
#418,0.0011782646179199219,0.04989933967590332,0.1017615795135498,0.06442785263061523
#419,0.0011553764343261719,0.049530029296875,0.10181617736816406,0.06464982032775879
#420,0.0011243820190429688,0.050057411193847656,0.10209465026855469,0.06497597694396973
#421,0.0012056827545166016,0.049878597259521484,0.10161924362182617,0.06449103355407715
#422,0.0013730525970458984,0.04984235763549805,0.10213351249694824,0.06480121612548828
#423,0.0011239051818847656,0.05001187324523926,0.10189223289489746,0.06494641304016113
#424,0.001148223876953125,0.04975175857543945,0.10203385353088379,0.06466460227966309
#425,0.0011525154113769531,0.04984927177429199,0.10210871696472168,0.06449174880981445
#426,0.0011811256408691406,0.04975295066833496,0.10168933868408203,0.06920433044433594
#427,0.0011816024780273438,0.04990673065185547,0.10203981399536133,0.06956100463867188
#428,0.0010952949523925781,0.0503385066986084,0.10207390785217285,0.06877279281616211
#429,0.0012097358703613281,0.049982309341430664,0.10366201400756836,0.06894350051879883
#430,0.0010960102081298828,0.049898386001586914,0.1021585464477539,0.06828498840332031
#431,0.0011768341064453125,0.050528526306152344,0.10213494300842285,0.06622648239135742
#432,0.0013141632080078125,0.05049920082092285,0.10168814659118652,0.0669260025024414
#433,0.001096963882446289,0.04987931251525879,0.10205864906311035,0.06595873832702637
#434,0.0011487007141113281,0.05006289482116699,0.10160040855407715,0.0664362907409668
#435,0.0010671615600585938,0.049921512603759766,0.10298275947570801,0.06586670875549316
#436,0.0011029243469238281,0.050672054290771484,0.1069183349609375,0.06601500511169434
#437,0.0011265277862548828,0.0499267578125,0.1097099781036377,0.06466484069824219
#438,0.0012295246124267578,0.049948930740356445,0.10956001281738281,0.06484842300415039
#439,0.0011768341064453125,0.05031776428222656,0.10498404502868652,0.06465768814086914
#440,0.0010683536529541016,0.05016899108886719,0.10215210914611816,0.06454920768737793
#441,0.0010955333709716797,0.04975771903991699,0.10196542739868164,0.06472539901733398
#442,0.0010678768157958984,0.05004549026489258,0.10201859474182129,0.06474542617797852
#443,0.0011551380157470703,0.049971580505371094,0.10194206237792969,0.06499576568603516
#444,0.001069784164428711,0.04974699020385742,0.10186433792114258,0.06446027755737305
#445,0.0013153553009033203,0.049800872802734375,0.10156631469726562,0.06439042091369629
#446,0.0010993480682373047,0.049835920333862305,0.10250115394592285,0.06457948684692383
#447,0.0012073516845703125,0.04966902732849121,0.10240530967712402,0.0644674301147461
#448,0.0010938644409179688,0.04996061325073242,0.10406970977783203,0.06473374366760254
#449,0.00112152099609375,0.04999041557312012,0.10198402404785156,0.06463289260864258
#450,0.001129150390625,0.04966545104980469,0.10224056243896484,0.06460261344909668
#451,0.001369476318359375,0.0498051643371582,0.10195088386535645,0.06459426879882812
#452,0.001094818115234375,0.05035042762756348,0.10181379318237305,0.06443953514099121
#453,0.001154184341430664,0.049842119216918945,0.10204005241394043,0.06546926498413086
#454,0.0010967254638671875,0.049948692321777344,0.10323524475097656,0.06460118293762207
#455,0.0013437271118164062,0.0495145320892334,0.10299873352050781,0.06454706192016602
#456,0.0012061595916748047,0.04990959167480469,0.10214829444885254,0.06451082229614258
#457,0.0011491775512695312,0.04990386962890625,0.10255861282348633,0.06450867652893066
#458,0.0010666847229003906,0.04988741874694824,0.10160613059997559,0.06545805931091309
#459,0.0010943412780761719,0.04979348182678223,0.10243105888366699,0.06460952758789062
#460,0.0011284351348876953,0.04981350898742676,0.10263276100158691,0.06452274322509766
#461,0.0011763572692871094,0.04971599578857422,0.10176753997802734,0.06461429595947266
#462,0.001203775405883789,0.05001473426818848,0.10193085670471191,0.06469011306762695
#463,0.0011017322540283203,0.04996609687805176,0.10306239128112793,0.06446599960327148
#464,0.0010678768157958984,0.050009965896606445,0.10273075103759766,0.06470179557800293
#465,0.0012326240539550781,0.05001521110534668,0.10190153121948242,0.06436467170715332
#466,0.0011212825775146484,0.04981279373168945,0.10174012184143066,0.06463027000427246
#467,0.0011820793151855469,0.0498957633972168,0.10202813148498535,0.06490278244018555
#468,0.001123189926147461,0.04979228973388672,0.10197210311889648,0.06449079513549805
#469,0.0011789798736572266,0.04976463317871094,0.1021113395690918,0.06545591354370117
#470,0.001100778579711914,0.04998922348022461,0.10206890106201172,0.06454920768737793
#471,0.0010983943939208984,0.050110578536987305,0.10185885429382324,0.06445646286010742
#472,0.0010960102081298828,0.05006670951843262,0.10213732719421387,0.06482052803039551
#473,0.0010974407196044922,0.049935340881347656,0.10206341743469238,0.06479692459106445
#474,0.001207590103149414,0.050301551818847656,0.10202693939208984,0.06531262397766113
#475,0.0011501312255859375,0.04987049102783203,0.10200023651123047,0.06510257720947266
#476,0.001173257827758789,0.05047154426574707,0.10187125205993652,0.06448101997375488
#477,0.0010983943939208984,0.04986929893493652,0.10186433792114258,0.06452417373657227
#478,0.001148223876953125,0.0505218505859375,0.10145378112792969,0.06434130668640137
#479,0.001068115234375,0.05002641677856445,0.10225033760070801,0.06444811820983887
#480,0.0011506080627441406,0.0496978759765625,0.10262680053710938,0.06480956077575684
#481,0.0011835098266601562,0.04993796348571777,0.10249042510986328,0.06461882591247559
#482,0.0010974407196044922,0.04995107650756836,0.10174369812011719,0.06524872779846191
#483,0.0010972023010253906,0.04986286163330078,0.10196185111999512,0.06553387641906738
#484,0.0011785030364990234,0.04993414878845215,0.10187959671020508,0.06536531448364258
#485,0.0011286735534667969,0.04996919631958008,0.1021273136138916,0.06463932991027832
#486,0.0010950565338134766,0.0497279167175293,0.10235285758972168,0.0645287036895752
#487,0.0011506080627441406,0.04997897148132324,0.10173249244689941,0.06440234184265137
#488,0.0011529922485351562,0.049971580505371094,0.10207891464233398,0.06459546089172363
#489,0.001125335693359375,0.04968118667602539,0.10235857963562012,0.0648043155670166
#490,0.0010914802551269531,0.04992508888244629,0.10179567337036133,0.06454920768737793
#491,0.0011754035949707031,0.05063939094543457,0.10280537605285645,0.0648031234741211
#492,0.0010974407196044922,0.05007147789001465,0.10189461708068848,0.06446313858032227
#493,0.0010900497436523438,0.04994463920593262,0.1019749641418457,0.06474614143371582
#494,0.0010898113250732422,0.04992365837097168,0.10227370262145996,0.06522512435913086
#495,0.0011777877807617188,0.049922943115234375,0.10223007202148438,0.06451702117919922
#496,0.0011477470397949219,0.050071001052856445,0.10209226608276367,0.0648350715637207
#497,0.0011758804321289062,0.04980015754699707,0.10196113586425781,0.06467413902282715
#498,0.0010683536529541016,0.04987764358520508,0.10196161270141602,0.06482195854187012
#499,0.0012767314910888672,0.0498957633972168,0.10180377960205078,0.06452107429504395
#500,0.001096487045288086,0.04961895942687988,0.10212349891662598,0.06435537338256836
#501,0.0013651847839355469,0.04987955093383789,0.10168766975402832,0.06439876556396484
#502,0.001211404800415039,0.050153255462646484,0.10184669494628906,0.06455612182617188
#503,0.0012302398681640625,0.04989790916442871,0.10145235061645508,0.06465506553649902
#504,0.0012059211730957031,0.04995870590209961,0.10196876525878906,0.06452465057373047
#505,0.0012578964233398438,0.0500025749206543,0.10182332992553711,0.06482744216918945
#506,0.0011522769927978516,0.04982805252075195,0.1017618179321289,0.06468939781188965
#507,0.0011527538299560547,0.049944162368774414,0.10265278816223145,0.06450796127319336
#508,0.001148223876953125,0.05010390281677246,0.10219907760620117,0.06446409225463867
#509,0.0011556148529052734,0.049741268157958984,0.10206317901611328,0.06438994407653809
#510,0.0011508464813232422,0.049834489822387695,0.10199451446533203,0.06437373161315918
#511,0.0012047290802001953,0.05008435249328613,0.1020956039428711,0.06444096565246582
#512,0.0011000633239746094,0.051137447357177734,0.10190820693969727,0.06532788276672363
#513,0.0012598037719726562,0.0507814884185791,0.10213971138000488,0.06485176086425781
#514,0.0011217594146728516,0.05102252960205078,0.10171842575073242,0.06476402282714844
#515,0.001094818115234375,0.05081796646118164,0.10192513465881348,0.06445956230163574
#516,0.0012061595916748047,0.05148577690124512,0.10235190391540527,0.06462979316711426
#517,0.0011227130889892578,0.05091071128845215,0.10141754150390625,0.06466984748840332
#518,0.001096487045288086,0.05095982551574707,0.10227155685424805,0.06452488899230957
#519,0.0011563301086425781,0.05090951919555664,0.10154223442077637,0.0646677017211914
#520,0.0010979175567626953,0.051165103912353516,0.10337281227111816,0.06434965133666992
#521,0.0011222362518310547,0.051078081130981445,0.1019737720489502,0.06506204605102539
#522,0.0011801719665527344,0.05106043815612793,0.1020665168762207,0.06452584266662598
#523,0.0011854171752929688,0.05106520652770996,0.10195541381835938,0.06454062461853027
#524,0.0012056827545166016,0.051032066345214844,0.1021261215209961,0.06444406509399414
#525,0.0011739730834960938,0.0512845516204834,0.1020050048828125,0.06468987464904785
#526,0.0012662410736083984,0.05115866661071777,0.10173416137695312,0.06458234786987305
#527,0.0012347698211669922,0.05108809471130371,0.10198688507080078,0.06506609916687012
#528,0.001262664794921875,0.05083203315734863,0.10198259353637695,0.06479215621948242
#529,0.0012404918670654297,0.050940513610839844,0.1022343635559082,0.06461024284362793
#530,0.0011260509490966797,0.05165529251098633,0.10187911987304688,0.06456184387207031
#531,0.0011229515075683594,0.051114797592163086,0.10182881355285645,0.06464076042175293
#532,0.0010676383972167969,0.050975799560546875,0.10236501693725586,0.06416487693786621
#533,0.0012063980102539062,0.05145740509033203,0.10235857963562012,0.06445646286010742
#534,0.0010952949523925781,0.050980329513549805,0.10195207595825195,0.06438708305358887
#535,0.0010957717895507812,0.0509951114654541,0.10277962684631348,0.06480121612548828
#536,0.0011241436004638672,0.051250457763671875,0.10206890106201172,0.06532716751098633
#537,0.0010986328125,0.05120253562927246,0.1025850772857666,0.06473326683044434
#538,0.001096963882446289,0.050949811935424805,0.10189127922058105,0.06446099281311035
#539,0.001146554946899414,0.05103468894958496,0.10200285911560059,0.06441760063171387
#540,0.0011262893676757812,0.05092930793762207,0.10179567337036133,0.06488204002380371
#541,0.0011522769927978516,0.05097341537475586,0.10196781158447266,0.06434226036071777
#542,0.0010976791381835938,0.05082511901855469,0.10199737548828125,0.06465411186218262
#543,0.0010755062103271484,0.050719499588012695,0.10208940505981445,0.06448745727539062
#544,0.0011796951293945312,0.04982638359069824,0.1029670238494873,0.06519532203674316
#545,0.0011229515075683594,0.049900054931640625,0.10201668739318848,0.06481361389160156
#546,0.0012328624725341797,0.05002760887145996,0.10579347610473633,0.06464958190917969
#547,0.0012645721435546875,0.04980301856994629,0.10246038436889648,0.06447076797485352
#548,0.0010943412780761719,0.050258636474609375,0.10174179077148438,0.06447529792785645
#549,0.0012586116790771484,0.05232954025268555,0.1027684211730957,0.06510400772094727
#550,0.001233816146850586,0.052475690841674805,0.1018061637878418,0.06461238861083984
#551,0.00118255615234375,0.054036617279052734,0.10228180885314941,0.06476569175720215
#552,0.0012631416320800781,0.05463147163391113,0.10215520858764648,0.06451821327209473
#553,0.0011272430419921875,0.0534818172454834,0.10175013542175293,0.06453585624694824
#554,0.001201629638671875,0.052793025970458984,0.1020817756652832,0.0643773078918457
#555,0.0010936260223388672,0.053529977798461914,0.10196208953857422,0.06429171562194824
#556,0.0010945796966552734,0.0537562370300293,0.10216093063354492,0.06445121765136719
#557,0.0011298656463623047,0.052620887756347656,0.10234665870666504,0.06464958190917969
#558,0.0011756420135498047,0.052324771881103516,0.1019282341003418,0.06491851806640625
#559,0.0010967254638671875,0.05192422866821289,0.10244250297546387,0.06464958190917969
#560,0.001116037368774414,0.051160573959350586,0.1020193099975586,0.06479430198669434
#561,0.0012216567993164062,0.04975438117980957,0.10188078880310059,0.06444644927978516
#562,0.0010955333709716797,0.04977130889892578,0.10216403007507324,0.06467175483703613
#563,0.0011513233184814453,0.04980945587158203,0.10165119171142578,0.06870841979980469
#564,0.0010745525360107422,0.04976963996887207,0.10214114189147949,0.06931924819946289
#565,0.0010967254638671875,0.049833059310913086,0.10146832466125488,0.06756949424743652
#566,0.0010955333709716797,0.04982280731201172,0.10153889656066895,0.06729769706726074
#567,0.0011789798736572266,0.04997563362121582,0.10212230682373047,0.06504321098327637
#568,0.0012905597686767578,0.05052828788757324,0.10207748413085938,0.06458234786987305
#569,0.0010960102081298828,0.050047874450683594,0.10207033157348633,0.06453895568847656
#570,0.0010709762573242188,0.04986286163330078,0.10210943222045898,0.06439900398254395
#571,0.0011539459228515625,0.04975771903991699,0.10291218757629395,0.06466078758239746
#572,0.0010640621185302734,0.05010676383972168,0.1024622917175293,0.06457352638244629
#573,0.0011725425720214844,0.05017900466918945,0.1024770736694336,0.06442403793334961
#574,0.001119852066040039,0.0498354434967041,0.10192465782165527,0.06445956230163574
#575,0.001127481460571289,0.04985237121582031,0.1022498607635498,0.0643928050994873
#576,0.0010912418365478516,0.04998326301574707,0.10166764259338379,0.06493663787841797
#577,0.0012004375457763672,0.04963183403015137,0.1020975112915039,0.06461977958679199
#578,0.0012881755828857422,0.049996137619018555,0.10167312622070312,0.06458759307861328
#579,0.0011224746704101562,0.04978799819946289,0.10251593589782715,0.06465959548950195
#580,0.001094818115234375,0.050017595291137695,0.10181903839111328,0.06481099128723145
#581,0.0011556148529052734,0.04973244667053223,0.10167908668518066,0.06484103202819824
#582,0.0012056827545166016,0.049836158752441406,0.10260987281799316,0.06448745727539062
#583,0.001123666763305664,0.04986739158630371,0.10289359092712402,0.06508779525756836
#584,0.0011501312255859375,0.04998183250427246,0.10186624526977539,0.06464290618896484
#585,0.0011820793151855469,0.05011129379272461,0.10254144668579102,0.06482172012329102
#586,0.0010693073272705078,0.049983978271484375,0.10157108306884766,0.06446123123168945
#587,0.001065969467163086,0.050013065338134766,0.10202908515930176,0.06444168090820312
#588,0.0012125968933105469,0.05064892768859863,0.10205626487731934,0.06442832946777344
#589,0.0011284351348876953,0.04999208450317383,0.10156798362731934,0.06512022018432617
#590,0.0011749267578125,0.04990124702453613,0.10240054130554199,0.06465029716491699
#591,0.0013148784637451172,0.04985404014587402,0.10189700126647949,0.06519508361816406
#592,0.001209259033203125,0.04994964599609375,0.10183143615722656,0.06488919258117676
#593,0.0011515617370605469,0.050000667572021484,0.10178184509277344,0.06454801559448242
#594,0.0011491775512695312,0.050072431564331055,0.10177755355834961,0.06449627876281738
#595,0.0011548995971679688,0.04983258247375488,0.10182929039001465,0.0644683837890625
#596,0.001125335693359375,0.049956321716308594,0.10301518440246582,0.06446456909179688
#597,0.0010693073272705078,0.05010414123535156,0.1021425724029541,0.06453156471252441
#598,0.0010678768157958984,0.0500636100769043,0.10232257843017578,0.06491351127624512
#599,0.001207113265991211,0.05016970634460449,0.10196495056152344,0.06487679481506348
#600,0.0011534690856933594,0.04981422424316406,0.10177087783813477,0.06431937217712402
#601,0.0011751651763916016,0.04989194869995117,0.10287594795227051,0.06464815139770508
#602,0.0011012554168701172,0.04969429969787598,0.10160636901855469,0.06455016136169434
#603,0.0011794567108154297,0.05009126663208008,0.10216569900512695,0.06523728370666504
#604,0.0011208057403564453,0.04997396469116211,0.10323762893676758,0.06494283676147461
#605,0.0010933876037597656,0.05004525184631348,0.10272693634033203,0.06462407112121582
#606,0.0012624263763427734,0.049948692321777344,0.10177421569824219,0.06460785865783691
#607,0.0011219978332519531,0.0504460334777832,0.10192227363586426,0.06452512741088867
#608,0.0014469623565673828,0.04998302459716797,0.10168647766113281,0.06456923484802246
#609,0.0011320114135742188,0.04982399940490723,0.10231423377990723,0.06478142738342285
#610,0.0011501312255859375,0.05017375946044922,0.10157227516174316,0.06451797485351562
#611,0.001066446304321289,0.05099296569824219,0.10232162475585938,0.06449222564697266
#612,0.0013422966003417969,0.05094742774963379,0.1021120548248291,0.0641932487487793
#613,0.0011243820190429688,0.05106639862060547,0.10206770896911621,0.0656280517578125
#614,0.001150369644165039,0.051169395446777344,0.1020669937133789,0.0647585391998291
#615,0.0011782646179199219,0.050829410552978516,0.10214066505432129,0.06492900848388672
#616,0.0011017322540283203,0.050988197326660156,0.10201764106750488,0.06452178955078125
#617,0.0011527538299560547,0.05091261863708496,0.10184645652770996,0.06445837020874023
#618,0.0012340545654296875,0.05097627639770508,0.1018826961517334,0.06491994857788086
#619,0.0011949539184570312,0.05085182189941406,0.10228228569030762,0.0643310546875
#620,0.0010929107666015625,0.05095076560974121,0.10185861587524414,0.06464266777038574
#621,0.0011568069458007812,0.05074167251586914,0.10222196578979492,0.06470155715942383
#622,0.0011205673217773438,0.0508577823638916,0.10203123092651367,0.06598305702209473
#623,0.0011293888092041016,0.05100607872009277,0.10223007202148438,0.06469082832336426
#624,0.0012044906616210938,0.05094718933105469,0.10200715065002441,0.0645148754119873
#625,0.0010938644409179688,0.05070185661315918,0.10197067260742188,0.06462621688842773
#626,0.0012309551239013672,0.05089211463928223,0.10216093063354492,0.06460070610046387
#627,0.0011239051818847656,0.04995107650756836,0.10186052322387695,0.06432628631591797
#628,0.0010912418365478516,0.04989743232727051,0.10191106796264648,0.06509661674499512
#629,0.001178741455078125,0.04990410804748535,0.10187411308288574,0.06443953514099121
#630,0.0012392997741699219,0.050116539001464844,0.1019129753112793,0.06462216377258301
#631,0.0010685920715332031,0.04964804649353027,0.10779023170471191,0.06565070152282715
#632,0.0011513233184814453,0.049799203872680664,0.10833024978637695,0.06469297409057617
#633,0.001238107681274414,0.0498957633972168,0.10901093482971191,0.06443309783935547
#634,0.0011515617370605469,0.05000901222229004,0.10785388946533203,0.06434965133666992
#635,0.0011513233184814453,0.04984402656555176,0.1060793399810791,0.06448817253112793
#636,0.0011222362518310547,0.050072431564331055,0.10280036926269531,0.06502366065979004
#637,0.0011827945709228516,0.04973316192626953,0.10195016860961914,0.06446027755737305
#638,0.0012044906616210938,0.049875736236572266,0.10204672813415527,0.06569170951843262
#639,0.0010693073272705078,0.049791812896728516,0.10262203216552734,0.06462907791137695
#640,0.0011839866638183594,0.04985976219177246,0.10134458541870117,0.06541013717651367
#641,0.0011506080627441406,0.049799442291259766,0.10223770141601562,0.06457042694091797
#642,0.0011508464813232422,0.05046200752258301,0.10182332992553711,0.06554889678955078
#643,0.0010960102081298828,0.04982757568359375,0.10183310508728027,0.06439590454101562
#644,0.0012683868408203125,0.049663543701171875,0.10243868827819824,0.06452155113220215
#645,0.0011796951293945312,0.0499575138092041,0.10215377807617188,0.06555795669555664
#646,0.0010688304901123047,0.050629377365112305,0.10295271873474121,0.06434893608093262
#647,0.0011250972747802734,0.05006122589111328,0.10174989700317383,0.06474828720092773
#648,0.0011761188507080078,0.049985408782958984,0.10213971138000488,0.06516551971435547
#649,0.0011518001556396484,0.049851179122924805,0.10212969779968262,0.06446337699890137
#650,0.0011548995971679688,0.04995989799499512,0.10317683219909668,0.06538629531860352
#651,0.0011243820190429688,0.04966926574707031,0.10310912132263184,0.06476521492004395
#652,0.0010967254638671875,0.0499110221862793,0.10299444198608398,0.06450414657592773
#653,0.0012614727020263672,0.0501255989074707,0.1031181812286377,0.0644533634185791
#654,0.0010743141174316406,0.04994654655456543,0.10233497619628906,0.06509542465209961
#655,0.0011234283447265625,0.04980778694152832,0.1034395694732666,0.06459856033325195
#656,0.0012564659118652344,0.050104618072509766,0.10177779197692871,0.06459546089172363
#657,0.0011565685272216797,0.050009965896606445,0.10276031494140625,0.06441283226013184
#658,0.0010695457458496094,0.04974484443664551,0.10203433036804199,0.06528019905090332
#659,0.0010952949523925781,0.050251007080078125,0.10179686546325684,0.06470990180969238
#660,0.0011754035949707031,0.0499880313873291,0.10167527198791504,0.06441617012023926
#661,0.0011830329895019531,0.04983162879943848,0.10229730606079102,0.0645146369934082
#662,0.0010952949523925781,0.05046200752258301,0.1020045280456543,0.06446599960327148
#663,0.0011239051818847656,0.05003809928894043,0.10235905647277832,0.06476092338562012
#664,0.0011527538299560547,0.04977893829345703,0.10199999809265137,0.06482100486755371
#665,0.0012836456298828125,0.05028986930847168,0.10203409194946289,0.06463766098022461
#666,0.0010943412780761719,0.05019831657409668,0.1018218994140625,0.06432294845581055
#667,0.0011799335479736328,0.04967164993286133,0.10226678848266602,0.06444716453552246
#668,0.001209259033203125,0.04974961280822754,0.10213828086853027,0.06499671936035156
#669,0.0011012554168701172,0.0495305061340332,0.10162067413330078,0.06477808952331543
#670,0.0010962486267089844,0.0498957633972168,0.1019740104675293,0.06487274169921875
#671,0.0013213157653808594,0.05025291442871094,0.10240912437438965,0.06462526321411133
#672,0.0011246204376220703,0.05006909370422363,0.1019890308380127,0.06443023681640625
#673,0.0011794567108154297,0.04988574981689453,0.10204553604125977,0.06465673446655273
#674,0.0011734962463378906,0.049652814865112305,0.10271668434143066,0.06468582153320312
#675,0.0012695789337158203,0.05005145072937012,0.10177040100097656,0.06439757347106934
#676,0.001127004623413086,0.04999804496765137,0.10232019424438477,0.06455039978027344
#677,0.0011761188507080078,0.04977130889892578,0.10210609436035156,0.06500124931335449
#678,0.0012378692626953125,0.05003523826599121,0.10201668739318848,0.0652921199798584
#679,0.0010678768157958984,0.04996323585510254,0.10235095024108887,0.06470537185668945
#680,0.00112152099609375,0.04965829849243164,0.10192370414733887,0.06446433067321777
#681,0.0011205673217773438,0.049800872802734375,0.10183596611022949,0.06471800804138184
#682,0.0011551380157470703,0.050037384033203125,0.10170102119445801,0.06449389457702637
#683,0.001226663589477539,0.04961133003234863,0.10249710083007812,0.0646977424621582
#684,0.0011713504791259766,0.05004549026489258,0.10294318199157715,0.06421518325805664
#685,0.001154184341430664,0.05035877227783203,0.1023108959197998,0.0644526481628418
#686,0.0010693073272705078,0.049822092056274414,0.10197615623474121,0.06491613388061523
#687,0.0010960102081298828,0.049912452697753906,0.10191631317138672,0.06506824493408203
#688,0.0010693073272705078,0.04976820945739746,0.1023108959197998,0.06451058387756348
#689,0.0011556148529052734,0.04981565475463867,0.10242295265197754,0.06438040733337402
#690,0.0011796951293945312,0.050126075744628906,0.10179519653320312,0.0644843578338623
#691,0.0010945796966552734,0.049982309341430664,0.10219526290893555,0.06571459770202637
#692,0.0011246204376220703,0.050002336502075195,0.10161614418029785,0.06593513488769531
#693,0.0011754035949707031,0.04997086524963379,0.10226106643676758,0.06464028358459473
#694,0.0011773109436035156,0.04964470863342285,0.10216689109802246,0.06521153450012207
#695,0.0010957717895507812,0.04998135566711426,0.10179328918457031,0.06476211547851562
#696,0.0013689994812011719,0.05018043518066406,0.10244274139404297,0.06459593772888184
#697,0.0011489391326904297,0.0497746467590332,0.10228872299194336,0.0647892951965332
#698,0.0011491775512695312,0.0497584342956543,0.1020054817199707,0.0645303726196289
#699,0.0013451576232910156,0.04978203773498535,0.10182046890258789,0.06509757041931152
#700,0.0010962486267089844,0.04989147186279297,0.1025080680847168,0.06796407699584961
#701,0.0010704994201660156,0.049895524978637695,0.10309290885925293,0.06987738609313965
#702,0.0010747909545898438,0.0500943660736084,0.10270857810974121,0.06751370429992676
#703,0.0011773109436035156,0.04977726936340332,0.10294342041015625,0.06514310836791992
#704,0.0011525154113769531,0.05002713203430176,0.1040182113647461,0.0646963119506836
#705,0.0010936260223388672,0.0500490665435791,0.10373854637145996,0.06449484825134277
#706,0.0012085437774658203,0.04994654655456543,0.10457015037536621,0.06459784507751465
#707,0.0011506080627441406,0.04987382888793945,0.1040802001953125,0.06520986557006836
#708,0.0010650157928466797,0.05002284049987793,0.1043863296508789,0.06454849243164062
#709,0.0011830329895019531,0.0501561164855957,0.10429239273071289,0.06667685508728027
#710,0.001125335693359375,0.05013132095336914,0.1042475700378418,0.06600141525268555
#711,0.0012035369873046875,0.05002164840698242,0.10402178764343262,0.06598353385925293
#712,0.0012040138244628906,0.05002617835998535,0.10420727729797363,0.06605863571166992
#713,0.0011823177337646484,0.04982113838195801,0.10427379608154297,0.0645451545715332
#714,0.0010676383972167969,0.04972529411315918,0.10172057151794434,0.06504201889038086
#715,0.0010972023010253906,0.05008673667907715,0.10237979888916016,0.06664299964904785
#716,0.0011250972747802734,0.0499720573425293,0.10170722007751465,0.06569290161132812
#717,0.0010981559753417969,0.049890756607055664,0.10177087783813477,0.06652998924255371
#718,0.00112152099609375,0.04961514472961426,0.10183596611022949,0.0657358169555664
#719,0.001148223876953125,0.04995989799499512,0.10358929634094238,0.06583333015441895
#720,0.0011816024780273438,0.050370216369628906,0.10480213165283203,0.06589198112487793
#721,0.0011477470397949219,0.04983091354370117,0.10404253005981445,0.06580924987792969
#722,0.0011219978332519531,0.04970860481262207,0.10292649269104004,0.06597185134887695
#723,0.0011010169982910156,0.04997658729553223,0.10211515426635742,0.06510233879089355
#724,0.0012059211730957031,0.05042219161987305,0.1020517349243164,0.06499099731445312
#725,0.0011529922485351562,0.04998421669006348,0.10168933868408203,0.0652472972869873
#726,0.0012860298156738281,0.049964189529418945,0.10205817222595215,0.06525397300720215
#727,0.0011260509490966797,0.05012679100036621,0.10206007957458496,0.06517887115478516
#728,0.0010933876037597656,0.050055503845214844,0.10238027572631836,0.06467962265014648
#729,0.0010676383972167969,0.049802303314208984,0.10207176208496094,0.06446480751037598
#730,0.0012896060943603516,0.04999589920043945,0.1017758846282959,0.0644679069519043
#731,0.00109100341796875,0.05000805854797363,0.10177850723266602,0.06445717811584473
#732,0.001094818115234375,0.050028085708618164,0.1023712158203125,0.06568598747253418
#733,0.0011484622955322266,0.04981541633605957,0.10310578346252441,0.06470251083374023
#734,0.0011775493621826172,0.04999065399169922,0.10199451446533203,0.06450843811035156
#735,0.0010666847229003906,0.04986834526062012,0.10192251205444336,0.06444001197814941
#736,0.0010945796966552734,0.049842119216918945,0.10211563110351562,0.06505799293518066
#737,0.0010707378387451172,0.04985833168029785,0.10205698013305664,0.06455659866333008
#738,0.001116037368774414,0.05018901824951172,0.10158276557922363,0.06443119049072266
#739,0.001201629638671875,0.04964423179626465,0.10223555564880371,0.06455779075622559
#740,0.0011985301971435547,0.05006074905395508,0.10252523422241211,0.06455564498901367
#741,0.0012362003326416016,0.04987502098083496,0.1022636890411377,0.06434845924377441
#742,0.0010933876037597656,0.050142526626586914,0.10180234909057617,0.06472134590148926
#743,0.0011758804321289062,0.050151824951171875,0.1020040512084961,0.06508612632751465
#744,0.0011513233184814453,0.050201416015625,0.1015479564666748,0.0647280216217041
#745,0.001177072525024414,0.04986262321472168,0.10181379318237305,0.06471467018127441
#746,0.0011234283447265625,0.04987525939941406,0.10189342498779297,0.06432223320007324
#747,0.0011217594146728516,0.0500185489654541,0.1019744873046875,0.0647437572479248
#748,0.0012063980102539062,0.05006718635559082,0.10196590423583984,0.06450200080871582
#749,0.0010700225830078125,0.049735307693481445,0.10163450241088867,0.06521821022033691
#750,0.0012829303741455078,0.050034284591674805,0.10216140747070312,0.06473994255065918
#751,0.001180410385131836,0.04988598823547363,0.10312175750732422,0.06480073928833008
#752,0.0011222362518310547,0.04975628852844238,0.10189127922058105,0.0648198127746582
#753,0.0010945796966552734,0.050115108489990234,0.10281586647033691,0.06462574005126953
#754,0.0011491775512695312,0.04996538162231445,0.10246539115905762,0.06450057029724121
#755,0.0012388229370117188,0.04992079734802246,0.10178112983703613,0.06463289260864258
#756,0.001094818115234375,0.04990863800048828,0.10193848609924316,0.064422607421875
#757,0.0010924339294433594,0.049738168716430664,0.1019599437713623,0.06422114372253418
#758,0.0010991096496582031,0.0503993034362793,0.10166358947753906,0.06448125839233398
#759,0.0010988712310791016,0.049962759017944336,0.10224771499633789,0.06498479843139648
#760,0.0010669231414794922,0.05016016960144043,0.1015937328338623,0.06480908393859863
#761,0.0011219978332519531,0.04992842674255371,0.10179424285888672,0.06476092338562012
#762,0.0011255741119384766,0.050211429595947266,0.10251665115356445,0.06455612182617188
#763,0.0010654926300048828,0.05002188682556152,0.1021268367767334,0.06444573402404785
#764,0.0010976791381835938,0.05000925064086914,0.10183477401733398,0.06451725959777832
#765,0.001096963882446289,0.04988288879394531,0.10207605361938477,0.0645761489868164
#766,0.001157999038696289,0.04986929893493652,0.10194015502929688,0.06444668769836426
#767,0.0012047290802001953,0.04987335205078125,0.10209894180297852,0.06460452079772949
#768,0.0010683536529541016,0.050330162048339844,0.10171270370483398,0.06520986557006836
#769,0.0011267662048339844,0.050182342529296875,0.10156440734863281,0.06469035148620605
#770,0.0012044906616210938,0.04995560646057129,0.10391426086425781,0.06458806991577148
#771,0.0014164447784423828,0.05002164840698242,0.10477328300476074,0.06525254249572754
#772,0.0011005401611328125,0.04983663558959961,0.10526466369628906,0.06461381912231445
#773,0.0011219978332519531,0.049988508224487305,0.10394835472106934,0.0642402172088623
#774,0.0012340545654296875,0.04983067512512207,0.10173511505126953,0.06461000442504883
#775,0.0012056827545166016,0.04970431327819824,0.10284638404846191,0.06485557556152344
#776,0.001348257064819336,0.049836158752441406,0.10190987586975098,0.06477785110473633
#777,0.001262664794921875,0.04981660842895508,0.10172843933105469,0.06460714340209961
#778,0.0012440681457519531,0.05002188682556152,0.10202503204345703,0.06503725051879883
#779,0.001157999038696289,0.05000662803649902,0.10194802284240723,0.06439328193664551
#780,0.0011899471282958984,0.0501406192779541,0.10207653045654297,0.06456756591796875
#781,0.0011219978332519531,0.04968547821044922,0.10210609436035156,0.06467318534851074
#782,0.0012099742889404297,0.04986691474914551,0.10172486305236816,0.06486082077026367
#783,0.0011775493621826172,0.05020332336425781,0.10176777839660645,0.06452727317810059
#784,0.0011882781982421875,0.0500030517578125,0.10192108154296875,0.06454229354858398
#785,0.0011773109436035156,0.04965543746948242,0.10276484489440918,0.06581354141235352
#786,0.0011947154998779297,0.04997539520263672,0.10169267654418945,0.0658409595489502
#787,0.001125335693359375,0.04971885681152344,0.10171723365783691,0.06489372253417969
#788,0.0011036396026611328,0.05009818077087402,0.10216760635375977,0.06468963623046875
#789,0.0011544227600097656,0.05059218406677246,0.10196638107299805,0.06522345542907715
#790,0.0011637210845947266,0.04994964599609375,0.10188603401184082,0.06446981430053711
#791,0.0010952949523925781,0.050438642501831055,0.10287880897521973,0.06518316268920898
#792,0.0011057853698730469,0.04988431930541992,0.1022951602935791,0.06465029716491699
#793,0.0011851787567138672,0.050043344497680664,0.10225844383239746,0.06476902961730957
#794,0.0012199878692626953,0.04997706413269043,0.1018059253692627,0.06428956985473633
#795,0.0010673999786376953,0.04980969429016113,0.1020042896270752,0.06450748443603516
#796,0.0013048648834228516,0.04980921745300293,0.10183167457580566,0.06465315818786621
#797,0.0011789798736572266,0.049903154373168945,0.10259103775024414,0.0645751953125
#798,0.0012464523315429688,0.04990696907043457,0.1023416519165039,0.06477832794189453
#799,0.001155853271484375,0.05003714561462402,0.1021122932434082,0.06537461280822754
#800,0.0011920928955078125,0.049898624420166016,0.10213971138000488,0.0650033950805664
#801,0.0011210441589355469,0.04970431327819824,0.10211563110351562,0.06448531150817871
#802,0.0011065006256103516,0.05053210258483887,0.10191774368286133,0.0644536018371582
#803,0.00110626220703125,0.0499272346496582,0.10169363021850586,0.06430697441101074
#804,0.001402139663696289,0.05021381378173828,0.1024019718170166,0.06458735466003418
#805,0.0010976791381835938,0.049929141998291016,0.10328817367553711,0.06525802612304688
#806,0.0011663436889648438,0.05015254020690918,0.10450172424316406,0.06486368179321289
#807,0.0010917186737060547,0.04992341995239258,0.10214710235595703,0.06462287902832031
#808,0.0011868476867675781,0.049857139587402344,0.1026604175567627,0.06470084190368652
#809,0.0010924339294433594,0.04989004135131836,0.10145783424377441,0.06508183479309082
#810,0.0011920928955078125,0.050076961517333984,0.10188937187194824,0.06534981727600098
#811,0.0011758804321289062,0.049867868423461914,0.1031026840209961,0.06456303596496582
#812,0.0011305809020996094,0.05005073547363281,0.10191464424133301,0.06456756591796875
#813,0.001207113265991211,0.049927711486816406,0.10227012634277344,0.06433439254760742
#814,0.0013556480407714844,0.050582170486450195,0.10180020332336426,0.06475353240966797
#815,0.0010960102081298828,0.05076146125793457,0.10237884521484375,0.06475257873535156
#816,0.0011141300201416016,0.050437211990356445,0.10177016258239746,0.064422607421875
#817,0.0010704994201660156,0.05004692077636719,0.10287761688232422,0.06445598602294922
#818,0.0012421607971191406,0.05024290084838867,0.10297822952270508,0.06453871726989746
#819,0.0011227130889892578,0.0498809814453125,0.10322022438049316,0.06471991539001465
#820,0.0011920928955078125,0.04976844787597656,0.10200333595275879,0.06523585319519043
#821,0.0011241436004638672,0.049918174743652344,0.10205388069152832,0.06453132629394531
#822,0.0012145042419433594,0.05035066604614258,0.10242867469787598,0.06454324722290039
#823,0.0012090206146240234,0.04965376853942871,0.10172343254089355,0.06496453285217285
#824,0.0012447834014892578,0.04991292953491211,0.10251116752624512,0.06517720222473145
#825,0.001256704330444336,0.050049781799316406,0.10233545303344727,0.06464982032775879
#826,0.0012917518615722656,0.05016756057739258,0.10988450050354004,0.06462836265563965
#827,0.0012454986572265625,0.05005049705505371,0.10935640335083008,0.06453990936279297
#828,0.00115966796875,0.05001640319824219,0.10909748077392578,0.06537246704101562
#829,0.001336812973022461,0.05013108253479004,0.10693573951721191,0.06429672241210938
#830,0.0011396408081054688,0.04976391792297363,0.10353207588195801,0.06479501724243164
#831,0.0011234283447265625,0.04967904090881348,0.10217761993408203,0.06556224822998047
#832,0.0011630058288574219,0.05027341842651367,0.10231971740722656,0.06618142127990723
#833,0.0011255741119384766,0.04979705810546875,0.10187721252441406,0.0645608901977539
#834,0.0013530254364013672,0.04968619346618652,0.10181474685668945,0.06500792503356934
#835,0.0011513233184814453,0.04976654052734375,0.10163450241088867,0.06440043449401855
#836,0.0010793209075927734,0.0497283935546875,0.10199952125549316,0.06452083587646484
#837,0.0011849403381347656,0.049633026123046875,0.10238337516784668,0.06753683090209961
#838,0.0014061927795410156,0.04997992515563965,0.10190153121948242,0.06957244873046875
#839,0.001096963882446289,0.04973912239074707,0.10737276077270508,0.0681924819946289
#840,0.0011677742004394531,0.04983687400817871,0.10625553131103516,0.0659940242767334
#841,0.0010991096496582031,0.050072431564331055,0.1037142276763916,0.0659952163696289
#842,0.0011096000671386719,0.05004763603210449,0.10203170776367188,0.06456565856933594
#843,0.0011014938354492188,0.04976963996887207,0.10206341743469238,0.06472063064575195
#844,0.0011622905731201172,0.04982185363769531,0.10196781158447266,0.06438708305358887
#845,0.0012040138244628906,0.05002284049987793,0.10227799415588379,0.06457638740539551
#846,0.0011301040649414062,0.05015873908996582,0.10200619697570801,0.06514477729797363
#847,0.0010998249053955078,0.04971003532409668,0.1017909049987793,0.0645759105682373
#848,0.0011608600616455078,0.04987001419067383,0.10180997848510742,0.06482744216918945
#849,0.0011794567108154297,0.04989218711853027,0.1021578311920166,0.06458330154418945
#850,0.0011415481567382812,0.04997372627258301,0.10236215591430664,0.06464695930480957
#851,0.0012083053588867188,0.04985308647155762,0.10170340538024902,0.06470417976379395
#852,0.0011608600616455078,0.05016446113586426,0.10288739204406738,0.06513738632202148
#853,0.0011208057403564453,0.04988884925842285,0.1029500961303711,0.06461739540100098
#854,0.0012149810791015625,0.049685001373291016,0.10165190696716309,0.0644681453704834
#855,0.0010662078857421875,0.04991269111633301,0.10192131996154785,0.06476116180419922
#856,0.001161336898803711,0.04981851577758789,0.10227227210998535,0.06446409225463867
#857,0.001180887222290039,0.04976344108581543,0.10210442543029785,0.06450533866882324
#858,0.0011601448059082031,0.050192832946777344,0.10225772857666016,0.06425356864929199
#859,0.0012080669403076172,0.0497279167175293,0.10214877128601074,0.06465935707092285
#860,0.001222372055053711,0.04999542236328125,0.10180258750915527,0.06445908546447754
#861,0.0011577606201171875,0.05038142204284668,0.10171985626220703,0.06451964378356934
#862,0.0011072158813476562,0.04995584487915039,0.10174775123596191,0.06461453437805176
#863,0.0012314319610595703,0.04986143112182617,0.10218310356140137,0.06439733505249023
#864,0.0012521743774414062,0.04991459846496582,0.10194873809814453,0.06475162506103516
#865,0.0011768341064453125,0.04965949058532715,0.10184621810913086,0.06441187858581543
#866,0.0011038780212402344,0.05000185966491699,0.10255193710327148,0.06459236145019531
#867,0.0010690689086914062,0.049832820892333984,0.10181260108947754,0.06443095207214355
#868,0.0011622905731201172,0.049765586853027344,0.10163068771362305,0.06455516815185547
#869,0.0011210441589355469,0.04982280731201172,0.10186767578125,0.06541275978088379
#870,0.0012443065643310547,0.05016684532165527,0.10210609436035156,0.06456995010375977
#871,0.0011560916900634766,0.04996657371520996,0.10265493392944336,0.06492328643798828
#872,0.0012154579162597656,0.05008649826049805,0.10204434394836426,0.06484436988830566
#873,0.0011785030364990234,0.049767255783081055,0.10208845138549805,0.06472039222717285
#874,0.0011394023895263672,0.04962038993835449,0.10133171081542969,0.06445503234863281
#875,0.0012333393096923828,0.05022549629211426,0.10191679000854492,0.06449174880981445
#876,0.001161336898803711,0.04985952377319336,0.10307097434997559,0.06434416770935059
#877,0.0011048316955566406,0.05048322677612305,0.10200119018554688,0.06458425521850586
#878,0.0012218952178955078,0.04973769187927246,0.10180997848510742,0.06595849990844727
#879,0.0011527538299560547,0.04981184005737305,0.10220527648925781,0.06439566612243652
#880,0.0012431144714355469,0.05018472671508789,0.1022036075592041,0.06456422805786133
#881,0.0011019706726074219,0.050188541412353516,0.10155916213989258,0.06517148017883301
#882,0.0011327266693115234,0.04978370666503906,0.10178756713867188,0.06456232070922852
#883,0.0011801719665527344,0.049637556076049805,0.10191106796264648,0.06459760665893555
#884,0.0011055469512939453,0.04989957809448242,0.10257649421691895,0.06457042694091797
#885,0.0012645721435546875,0.05016636848449707,0.10187506675720215,0.06513047218322754
#886,0.0011332035064697266,0.04981637001037598,0.10186123847961426,0.06456160545349121
#887,0.0010960102081298828,0.04994773864746094,0.10170507431030273,0.06468534469604492
#888,0.001192331314086914,0.04982590675354004,0.1028287410736084,0.06483101844787598
#889,0.0012621879577636719,0.05004143714904785,0.10326075553894043,0.06456136703491211
#890,0.0011074542999267578,0.050077199935913086,0.10163068771362305,0.06447434425354004
#891,0.0011587142944335938,0.05017352104187012,0.10221171379089355,0.06443142890930176
#892,0.0010852813720703125,0.05017590522766113,0.1018526554107666,0.06451916694641113
#893,0.0011782646179199219,0.04971480369567871,0.1033627986907959,0.06461811065673828
#894,0.0011889934539794922,0.049813032150268555,0.10220122337341309,0.06468534469604492
#895,0.0012385845184326172,0.0499262809753418,0.10201907157897949,0.06440615653991699
#896,0.0011920928955078125,0.04967975616455078,0.10198330879211426,0.06496763229370117
#897,0.0010704994201660156,0.050048828125,0.10236811637878418,0.06454777717590332
#898,0.0010848045349121094,0.04974722862243652,0.10236287117004395,0.06428003311157227
#899,0.0010974407196044922,0.04982590675354004,0.10208892822265625,0.06604218482971191
#900,0.0011334419250488281,0.05013251304626465,0.10150408744812012,0.06603550910949707
#901,0.0011563301086425781,0.050144195556640625,0.1019744873046875,0.06456685066223145
#902,0.0011932849884033203,0.05001091957092285,0.10206079483032227,0.06454634666442871
#903,0.0010945796966552734,0.04972696304321289,0.10198688507080078,0.06458258628845215
#904,0.001081228256225586,0.050031423568725586,0.10174965858459473,0.06467366218566895
#905,0.0010988712310791016,0.049874305725097656,0.10207605361938477,0.06571817398071289
#906,0.0011112689971923828,0.04968976974487305,0.10217428207397461,0.06447911262512207
#907,0.0011806488037109375,0.04981040954589844,0.10182452201843262,0.06462669372558594
#908,0.001188039779663086,0.049690961837768555,0.1018989086151123,0.0644376277923584
#909,0.0012660026550292969,0.04995274543762207,0.10176920890808105,0.06490373611450195
#910,0.0011668205261230469,0.04988551139831543,0.1032266616821289,0.06485414505004883
#911,0.001127481460571289,0.049902915954589844,0.10220098495483398,0.0643308162689209
#912,0.0011403560638427734,0.04996204376220703,0.10167431831359863,0.06450939178466797
#913,0.0011000633239746094,0.04982566833496094,0.10188603401184082,0.06453657150268555
#914,0.0010814666748046875,0.04984784126281738,0.10216021537780762,0.06486725807189941
#915,0.001154184341430664,0.05055642127990723,0.10248804092407227,0.06506800651550293
#916,0.0011386871337890625,0.050009965896606445,0.10216164588928223,0.06467294692993164
#917,0.0010976791381835938,0.04973626136779785,0.10190200805664062,0.06467676162719727
#918,0.001079559326171875,0.04971718788146973,0.10197901725769043,0.06474947929382324
#919,0.0010988712310791016,0.04986882209777832,0.10194039344787598,0.06516504287719727
#920,0.001142263412475586,0.0505523681640625,0.10294079780578613,0.06457853317260742
#921,0.0012068748474121094,0.049988508224487305,0.10272836685180664,0.06452012062072754
#922,0.0011644363403320312,0.04986906051635742,0.1017310619354248,0.0645906925201416
#923,0.0011277198791503906,0.04979085922241211,0.10280036926269531,0.06450653076171875
#924,0.0011892318725585938,0.04980158805847168,0.10274600982666016,0.06464529037475586
#925,0.0011250972747802734,0.049799203872680664,0.10194158554077148,0.06437993049621582
#926,0.0011360645294189453,0.050370216369628906,0.10182857513427734,0.06464934349060059
#927,0.0011241436004638672,0.04979515075683594,0.1020965576171875,0.0644369125366211
#928,0.0011031627655029297,0.04975700378417969,0.10186409950256348,0.06498527526855469
#929,0.0010933876037597656,0.04983973503112793,0.10213518142700195,0.06456661224365234
#930,0.0011620521545410156,0.050292253494262695,0.10211014747619629,0.06459593772888184
#931,0.0010678768157958984,0.04970669746398926,0.10174703598022461,0.0645289421081543
#932,0.001210927963256836,0.04979348182678223,0.10206103324890137,0.06446957588195801
#933,0.001123666763305664,0.04971909523010254,0.10169720649719238,0.06536269187927246
#934,0.0011067390441894531,0.04990506172180176,0.10182929039001465,0.06485486030578613
#935,0.0010936260223388672,0.04985642433166504,0.10175204277038574,0.0648813247680664
#936,0.0012402534484863281,0.05023837089538574,0.10227274894714355,0.06469893455505371
#937,0.001346588134765625,0.04994964599609375,0.10228610038757324,0.0650629997253418
#938,0.0012133121490478516,0.04982781410217285,0.1020052433013916,0.06449007987976074
#939,0.0011248588562011719,0.05015134811401367,0.10175299644470215,0.06450772285461426
#940,0.0012047290802001953,0.050055503845214844,0.10205411911010742,0.06500077247619629
#941,0.0010998249053955078,0.049707651138305664,0.10230588912963867,0.06461882591247559
#942,0.0010821819305419922,0.05007004737854004,0.10193872451782227,0.0645895004272461
#943,0.001127004623413086,0.0499420166015625,0.1024179458618164,0.06453728675842285
#944,0.0011391639709472656,0.049767255783081055,0.10199737548828125,0.06438493728637695
#945,0.0011813640594482422,0.049722909927368164,0.10240435600280762,0.06441545486450195
#946,0.0011372566223144531,0.049684762954711914,0.10204529762268066,0.06470966339111328
#947,0.00107574462890625,0.04987049102783203,0.10204625129699707,0.06505870819091797
#948,0.0011622905731201172,0.049861907958984375,0.10258340835571289,0.06477737426757812
#949,0.0010714530944824219,0.05001425743103027,0.10240054130554199,0.06472373008728027
#950,0.0011069774627685547,0.05025649070739746,0.1018373966217041,0.06447339057922363
#951,0.0011305809020996094,0.04993414878845215,0.10197782516479492,0.06577181816101074
#952,0.0011055469512939453,0.04987740516662598,0.10173392295837402,0.06443595886230469
#953,0.0010988712310791016,0.04978537559509277,0.10278844833374023,0.0642695426940918
#954,0.0011637210845947266,0.04982757568359375,0.10210776329040527,0.06449103355407715
#955,0.0012390613555908203,0.049826622009277344,0.10221457481384277,0.06460070610046387
#956,0.001194000244140625,0.050037384033203125,0.10206294059753418,0.06467747688293457
#957,0.001127004623413086,0.04973745346069336,0.10257935523986816,0.06479001045227051
#958,0.0011670589447021484,0.0498654842376709,0.10296630859375,0.06467247009277344
#959,0.0011005401611328125,0.0500485897064209,0.10164570808410645,0.06451296806335449
#960,0.0011620521545410156,0.050000667572021484,0.1021111011505127,0.0646657943725586
#961,0.001104593276977539,0.049994468688964844,0.10211801528930664,0.06452083587646484
#962,0.0012476444244384766,0.04982137680053711,0.10181999206542969,0.0645134449005127
#963,0.0011272430419921875,0.04991555213928223,0.1032261848449707,0.064727783203125
#964,0.0011343955993652344,0.049803733825683594,0.10209965705871582,0.06506228446960449
#965,0.0011072158813476562,0.04992818832397461,0.10186457633972168,0.06472229957580566
#966,0.001081705093383789,0.04990649223327637,0.10186958312988281,0.06453156471252441
#967,0.0011272430419921875,0.0497589111328125,0.10219120979309082,0.06435012817382812
#968,0.0011408329010009766,0.049913644790649414,0.10181307792663574,0.06469392776489258
#969,0.00118255615234375,0.04998421669006348,0.10192322731018066,0.06463003158569336
#970,0.0010797977447509766,0.049900054931640625,0.10200047492980957,0.06571698188781738
#971,0.0011513233184814453,0.0497133731842041,0.1019737720489502,0.06489777565002441
#972,0.0012748241424560547,0.0500948429107666,0.10218429565429688,0.06461620330810547
#973,0.0010974407196044922,0.04979443550109863,0.10192680358886719,0.06444239616394043
#974,0.0011632442474365234,0.049920082092285156,0.10202431678771973,0.0686955451965332
#975,0.00115966796875,0.0500791072845459,0.10230517387390137,0.0698091983795166
#976,0.0011875629425048828,0.05009341239929199,0.10200834274291992,0.06899714469909668
#977,0.0011279582977294922,0.0499262809753418,0.10193443298339844,0.06576299667358398
#978,0.0011365413665771484,0.05017232894897461,0.10184025764465332,0.06483125686645508
#979,0.00118255615234375,0.05032062530517578,0.10169219970703125,0.06439423561096191
#980,0.0010797977447509766,0.04987788200378418,0.10227084159851074,0.06438469886779785
#981,0.0012636184692382812,0.04999423027038574,0.10199213027954102,0.06522917747497559
#982,0.0011410713195800781,0.04987764358520508,0.10236382484436035,0.06461572647094727
#983,0.001209259033203125,0.04991412162780762,0.10220718383789062,0.06578874588012695
#984,0.0014262199401855469,0.049826860427856445,0.10300302505493164,0.06459212303161621
#985,0.0010981559753417969,0.049881935119628906,0.10260701179504395,0.0646517276763916
#986,0.0013842582702636719,0.04973411560058594,0.10405516624450684,0.06455373764038086
#987,0.0012078285217285156,0.049866437911987305,0.10201048851013184,0.06444787979125977
#988,0.0011358261108398438,0.04983353614807129,0.10199189186096191,0.06536173820495605
#989,0.0011591911315917969,0.05003523826599121,0.10204052925109863,0.06429672241210938
#990,0.0011067390441894531,0.049920082092285156,0.10276484489440918,0.06484150886535645
#991,0.0011255741119384766,0.049819231033325195,0.10225510597229004,0.06496453285217285
#992,0.0011363029479980469,0.04993081092834473,0.10176372528076172,0.0648951530456543
#993,0.0011382102966308594,0.049852609634399414,0.10239577293395996,0.06472325325012207
#994,0.001132965087890625,0.04965829849243164,0.10198760032653809,0.06441807746887207
#995,0.0012083053588867188,0.05030202865600586,0.10205411911010742,0.06570982933044434
#996,0.0011324882507324219,0.04976534843444824,0.10247683525085449,0.06470012664794922
#997,0.0012006759643554688,0.04981803894042969,0.10189652442932129,0.06453680992126465
#998,0.0010972023010253906,0.04985404014587402,0.10174679756164551,0.06434130668640137
#999,0.0013184547424316406,0.05019831657409668,0.10251474380493164,0.06534767150878906
#1000,0.001123666763305664,0.049860477447509766,0.10242199897766113,0.0647430419921875
