Rounds [TEST DATE: 2019-12-06 02:36],Keygen Time,Encryption Time,Decryption Time
Average Time,85.83152309500004,115.06514671100012,78.40910572899993
#1,69.141217,109.601878,76.50814
#2,74.271073,112.850547,78.176221
#3,78.094253,112.655873,75.392679
#4,89.232073,114.94246,78.97218
#5,89.093874,113.532677,78.815236
#6,69.769982,114.02949,79.699399
#7,80.792965,114.302206,78.392582
#8,83.704762,112.678127,73.951819
#9,84.689205,116.330158,80.228951
#10,102.778244,115.326717,77.458327
#11,77.687593,114.306224,80.628048
#12,75.05503,113.616765,78.441957
#13,76.681149,115.075288,78.680594
#14,80.048149,113.310831,78.302276
#15,88.472089,116.961813,79.118046
#16,72.332151,115.182842,78.370449
#17,74.71657,113.812635,78.830522
#18,90.143859,119.748309,80.382282
#19,74.849295,114.050489,78.376069
#20,78.401011,113.02385,76.231155
#21,78.254011,114.589307,79.564036
#22,86.407047,114.19306,79.284485
#23,74.014333,113.672902,77.899054
#24,82.502098,114.773979,78.954792
#25,76.606677,113.806072,79.142768
#26,72.25485,114.191177,79.131513
#27,82.909503,118.349527,79.378026
#28,71.792275,114.055554,77.610407
#29,73.433243,115.806057,82.637683
#30,116.684566,146.934495,75.999466
#31,80.589203,115.368903,78.520117
#32,78.069154,114.303297,77.339287
#33,73.31625,113.981129,78.754683
#34,84.173164,113.941582,75.88887
#35,83.013624,114.272231,78.864129
#36,92.864561,111.688599,74.751715
#37,72.701366,114.482161,78.459099
#38,105.307344,115.650647,78.148976
#39,70.174033,113.173909,78.243204
#40,77.703044,114.195462,78.752463
#41,73.122004,114.857784,78.418583
#42,75.309641,113.819072,79.141151
#43,82.697689,115.110709,80.002045
#44,91.693929,116.759779,79.053067
#45,88.523076,116.929929,79.374863
#46,84.332488,115.668454,80.044903
#47,78.57856,115.100754,80.648746
#48,78.429415,115.013215,78.91333
#49,101.749238,115.977237,77.596543
#50,88.735155,114.009854,74.593698
#51,90.112617,117.330357,78.632342
#52,84.415408,112.567149,76.608299
#53,97.578829,117.392528,79.675394
#54,86.235807,112.892939,78.553459
#55,94.565851,117.387714,78.548149
#56,69.984763,115.509195,79.44142
#57,83.63869,113.014769,79.345726
#58,74.975769,114.428706,78.682021
#59,82.453259,115.172146,77.097681
#60,81.701827,114.157671,77.951232
#61,71.563576,114.523985,78.427535
#62,74.938856,114.199777,79.238253
#63,73.124431,114.144009,78.573969
#64,74.864446,113.97965,78.514761
#65,90.686558,116.849047,77.475887
#66,96.480687,113.153675,74.507813
#67,99.193693,114.066818,77.346326
#68,84.456049,113.49306,78.811442
#69,99.788499,115.587963,78.493158
#70,76.96069,115.90631,75.61705
#71,99.191214,114.983398,75.742394
#72,90.296922,114.454205,74.518183
#73,90.389888,113.208881,95.714535
#74,117.701733,119.72007,81.371855
#75,117.445924,114.438956,75.867937
#76,94.579831,115.800701,76.339539
#77,96.262163,113.125495,77.243021
#78,87.487662,116.531993,79.809084
#79,73.357049,114.50482,79.149993
#80,85.197719,115.201248,78.047049
#81,86.323168,115.750253,78.662802
#82,78.25374,116.229676,78.497362
#83,74.734833,113.164124,79.433241
#84,93.885922,116.519378,77.371797
#85,75.398577,113.14214,74.088205
#86,82.408909,112.10333,76.475988
#87,91.620885,112.391392,77.476077
#88,103.450356,116.5247,77.723166
#89,82.670467,110.138946,77.420747
#90,77.652207,110.531936,74.557468
#91,75.496539,114.106612,77.007932
#92,70.763364,114.013822,79.547622
#93,82.884543,114.530762,76.913773
#94,76.314967,114.094784,77.460346
#95,84.640414,113.889402,78.424081
#96,84.340916,116.059266,78.625542
#97,90.469916,116.523147,78.423785
#98,89.164215,115.614366,78.110111
#99,98.078137,117.359554,79.258057
#100,74.282689,113.478295,78.54865
#101,74.512253,114.010875,78.648957
#102,90.030559,112.070021,78.153642
#103,103.868663,111.485884,76.746558
#104,71.688814,110.384639,74.57152
#105,91.838531,114.816031,76.562931
#106,87.277071,115.989044,78.094954
#107,105.936044,116.431238,78.742923
#108,81.133918,115.180496,76.585278
#109,76.755324,114.626146,78.640108
#110,71.351069,113.79075,78.906225
#111,88.747552,118.496424,79.226398
#112,85.369595,114.844336,74.681148
#113,73.30639,115.625519,78.09995
#114,99.109635,116.879076,78.345292
#115,84.087032,113.23908,75.618991
#116,76.560894,115.944424,78.89077
#117,86.423514,117.352545,78.33015
#118,84.679073,115.31634,78.08962
#119,78.449213,113.8525,78.315616
#120,100.193428,112.710514,75.436854
#121,107.010013,117.249125,78.984699
#122,85.949444,114.427272,75.391014
#123,76.310563,117.120273,79.409724
#124,84.342583,115.513446,78.796541
#125,84.732479,116.367873,79.078042
#126,94.944715,116.78381,74.94003
#127,74.321052,115.559166,78.150228
#128,86.671343,115.506139,78.231742
#129,76.734625,115.815288,79.280521
#130,89.3195,116.218743,78.419643
#131,75.260913,116.029087,78.951854
#132,73.899626,113.512332,78.81558
#133,76.244763,116.387022,78.766108
#134,79.771914,113.985326,79.139907
#135,73.712881,114.883551,79.54796
#136,78.450835,114.3603,78.896828
#137,90.411946,115.460682,75.437555
#138,85.302871,115.787298,79.52102
#139,83.919862,115.179176,78.719954
#140,79.259374,115.016795,78.164819
#141,74.91778,112.598485,75.234304
#142,98.151271,116.977951,78.61049
#143,73.194107,114.030709,79.62706
#144,95.188606,113.721702,75.793135
#145,99.302601,115.898102,79.700946
#146,105.51306,115.312586,78.68447
#147,73.822292,114.219608,78.972517
#148,87.679533,114.522187,75.547426
#149,78.349173,114.650734,78.822549
#150,106.830209,114.69264,78.068344
#151,69.794027,113.480532,79.408128
#152,77.31785,114.046353,79.078708
#153,98.237948,116.644465,79.710794
#154,95.476873,112.877771,73.994542
#155,88.793129,115.638333,80.407209
#156,114.792251,141.240777,84.275938
#157,120.259536,117.908168,79.071971
#158,117.010487,115.275763,76.703547
#159,72.430751,112.9449,76.486923
#160,82.284119,110.812177,76.155692
#161,85.162811,112.890966,78.013119
#162,106.876769,113.750193,74.218724
#163,84.359985,115.76545,78.307866
#164,74.426471,112.237226,78.581727
#165,74.976466,114.245059,76.694811
#166,78.871482,116.932432,78.610364
#167,78.396193,114.845717,78.694081
#168,88.446948,117.328792,78.537019
#169,106.077912,116.940533,79.076977
#170,86.793859,115.894902,78.290674
#171,81.61005,112.391958,76.352006
#172,91.250826,116.370464,78.168206
#173,97.09552,116.363896,77.755125
#174,84.272538,115.592856,78.800493
#175,82.57943,112.747232,76.154956
#176,83.148623,110.850553,74.523961
#177,115.969519,112.709223,76.24663
#178,81.975522,116.722055,75.05515
#179,79.03936,113.637291,74.892981
#180,109.697306,112.468129,74.034975
#181,85.103652,109.600497,74.400805
#182,76.536497,111.144038,75.931011
#183,83.475876,113.396352,74.694587
#184,75.193069,110.502602,75.550577
#185,76.301308,110.538703,75.027084
#186,74.885066,110.763193,74.045913
#187,77.801338,111.437406,75.927896
#188,120.261952,115.809843,77.814633
#189,71.68546,113.728347,77.796049
#190,77.885874,114.113857,78.52997
#191,103.29434,117.967801,80.166373
#192,99.738891,115.158466,77.377221
#193,105.10837,113.712334,76.636558
#194,77.965966,112.35673,76.803659
#195,82.407436,113.023065,78.496652
#196,82.438396,115.829465,78.748865
#197,77.269926,113.047334,78.921588
#198,73.42462,110.311615,75.785828
#199,89.435156,116.525622,79.163532
#200,111.996323,115.525789,76.480021
#201,76.251682,114.833851,79.962549
#202,97.480589,117.453745,79.305232
#203,87.047701,120.029755,77.223498
#204,89.253757,113.507367,77.206702
#205,87.70784,116.339171,77.684332
#206,92.709479,112.362349,76.308426
#207,100.38995,111.930081,75.557969
#208,96.029168,114.751578,76.636685
#209,93.577506,116.916741,78.385633
#210,94.404098,115.215225,76.738339
#211,75.300333,113.149473,76.91479
#212,89.720027,114.224907,74.322187
#213,76.465305,111.603899,76.215016
#214,79.485484,115.004752,78.932287
#215,83.483318,115.830246,78.766239
#216,90.295681,119.670632,80.225071
#217,80.162031,112.266712,75.61383
#218,72.235232,114.225571,80.35551
#219,93.642071,118.229281,79.220437
#220,112.209923,115.097684,78.678067
#221,77.528324,113.096671,79.520618
#222,87.604116,113.072638,77.052258
#223,81.270889,114.280099,78.134126
#224,80.408187,115.534651,79.015045
#225,73.544457,116.56778,79.004824
#226,105.767903,113.869767,75.994015
#227,83.093756,114.203441,77.198918
#228,93.933983,114.668539,75.875617
#229,77.352834,116.980302,78.288965
#230,91.397542,116.999134,77.963258
#231,84.922972,112.666904,76.123293
#232,92.448076,113.922374,76.937716
#233,83.772091,114.655107,80.161864
#234,83.343302,112.699394,76.390883
#235,99.047924,115.39659,78.14475
#236,101.777216,121.705794,99.661653
#237,116.360035,121.431012,80.289086
#238,120.747773,119.991237,80.779154
#239,116.729761,115.502423,77.979183
#240,81.28007,118.155544,82.905026
#241,103.660904,147.837021,76.037592
#242,78.846185,114.57301,76.576267
#243,85.266632,116.641661,79.756564
#244,103.575351,113.231314,74.907619
#245,98.591502,116.441595,79.467498
#246,95.654403,116.636062,78.460699
#247,87.930397,115.877672,79.937636
#248,78.21233,111.863329,75.102333
#249,96.599779,113.383904,77.654364
#250,82.932078,121.257118,78.985085
#251,75.797735,112.613033,76.679856
#252,73.036487,114.040944,80.12896
#253,82.610953,114.253729,80.703229
#254,74.719258,112.201128,76.964539
#255,83.554336,115.130478,78.994098
#256,74.953487,114.53246,78.993095
#257,102.102215,112.193279,76.789481
#258,82.629623,115.030288,77.559298
#259,82.509913,112.299265,74.098892
#260,105.398538,116.082197,79.197283
#261,73.81305,116.793557,78.547528
#262,89.742958,115.270438,74.601957
#263,78.900085,112.144899,75.463273
#264,104.729771,114.00097,75.593504
#265,79.741521,113.82922,78.664139
#266,92.530719,118.07061,79.896514
#267,81.995808,115.634137,78.69578
#268,106.786105,117.008809,78.81856
#269,77.617991,113.105061,80.84133
#270,74.701925,113.915217,76.728579
#271,82.246239,115.933846,78.176744
#272,111.841098,113.862345,74.58652
#273,78.091437,112.772126,78.674911
#274,74.61228,112.190771,78.812554
#275,99.537299,109.201049,73.328854
#276,72.050968,114.444257,79.885025
#277,73.986043,113.110963,78.635234
#278,90.297555,114.040037,75.401362
#279,80.576427,114.562119,77.613669
#280,92.293313,115.249652,80.18655
#281,79.054556,111.192675,75.337374
#282,125.061453,114.972853,84.41774
#283,112.637076,118.780794,82.891651
#284,132.772798,113.669639,74.356314
#285,69.023309,109.192502,73.685608
#286,80.511882,115.238494,77.562334
#287,81.114156,110.471788,73.245178
#288,88.694123,116.554955,75.588299
#289,84.9786,113.069934,77.62441
#290,72.932825,113.653354,78.69298
#291,89.677464,117.401455,78.765503
#292,75.550248,113.502701,78.80749
#293,83.25416,114.376407,77.833762
#294,90.060566,111.917384,74.188689
#295,74.880225,114.502065,78.977802
#296,78.37524,112.748776,78.419684
#297,82.52503,111.509567,75.898337
#298,74.277469,113.798837,78.503229
#299,87.262146,111.211735,75.188334
#300,78.728463,113.467052,78.172958
#301,72.188334,112.765634,78.765023
#302,77.749775,113.30822,76.96739
#303,78.398506,113.498683,78.429923
#304,89.857124,117.283351,83.441848
#305,112.882788,112.698525,74.831931
#306,79.861628,109.844532,73.093146
#307,73.999436,111.978937,78.833332
#308,128.913165,121.957014,79.831161
#309,153.54039,117.640883,86.018738
#310,110.668728,117.881347,81.509709
#311,136.747934,116.972197,76.393512
#312,127.138027,122.894074,79.958804
#313,80.701126,117.181504,80.61709
#314,85.025571,119.073119,79.913135
#315,119.859634,116.243741,78.715199
#316,84.945193,114.493434,79.142819
#317,87.208164,113.525418,78.808233
#318,72.020165,113.17181,76.530453
#319,71.61028,110.176119,74.48012
#320,96.618328,115.014051,77.771664
#321,91.985445,112.470252,76.381531
#322,83.224437,116.727641,77.439169
#323,107.532189,112.901762,78.614415
#324,110.596296,114.529987,76.061067
#325,138.354301,129.017422,88.571709
#326,166.151429,123.421968,79.128289
#327,109.018472,116.589399,74.078579
#328,111.807021,114.585674,78.969013
#329,118.349228,110.382484,73.993715
#330,86.886775,114.312425,78.410465
#331,85.316972,117.003338,78.748984
#332,78.325501,113.568699,78.45949
#333,89.660904,116.731962,79.248638
#334,111.672406,114.070087,77.38423
#335,77.89763,114.21651,78.924863
#336,86.06715,115.060588,77.609971
#337,88.211395,113.447266,78.990381
#338,92.744969,117.770642,82.182084
#339,88.504074,110.010534,76.786796
#340,147.772655,121.568425,82.588221
#341,99.468819,112.969728,79.440407
#342,95.141641,117.637396,78.860573
#343,82.323221,113.58912,78.289899
#344,73.122942,114.713699,78.888093
#345,104.498269,116.616553,79.217854
#346,73.193143,113.160205,78.063768
#347,94.859787,118.674677,79.654155
#348,125.712739,148.267515,96.208438
#349,131.494865,147.685373,92.740955
#350,106.294506,114.194032,76.494622
#351,110.751069,114.025244,80.87999
#352,115.586453,120.109412,82.530546
#353,109.685866,114.840283,78.455476
#354,83.378075,115.885483,79.81188
#355,72.234229,112.984028,78.553062
#356,84.350787,113.658952,78.90467
#357,82.988465,115.255475,78.837942
#358,90.332522,114.802237,79.15977
#359,78.598872,114.253338,78.426691
#360,70.809462,114.447089,79.290963
#361,72.699437,113.423407,78.443675
#362,76.996317,115.217287,79.342105
#363,83.865572,112.688245,76.455358
#364,92.192089,114.454335,79.729146
#365,78.428692,114.032725,78.051767
#366,77.449081,113.189165,79.036925
#367,80.400128,113.767736,78.501751
#368,90.37937,114.639711,78.962678
#369,81.099682,113.553163,78.444173
#370,79.36224,111.608995,75.243959
#371,73.404292,114.222975,78.67384
#372,77.508268,113.462573,78.66862
#373,87.10951,117.459354,80.245095
#374,79.228657,112.882546,76.955997
#375,106.356945,116.391607,78.493524
#376,69.115309,114.709054,78.933543
#377,72.629007,111.88503,75.432523
#378,85.608821,112.58573,79.461968
#379,75.52857,113.935943,78.836102
#380,90.271604,113.045937,76.011698
#381,79.770569,117.071026,78.888738
#382,90.066767,115.976463,78.525503
#383,71.151331,114.176802,79.170074
#384,90.313237,114.941548,78.56002
#385,75.604857,113.452142,78.576937
#386,80.147184,113.405545,77.426686
#387,84.929296,114.840846,79.089466
#388,86.802376,115.845616,79.544433
#389,78.499701,113.86739,77.896422
#390,115.837318,142.727461,86.382126
#391,130.109752,113.749489,77.485227
#392,93.912902,114.775286,78.928813
#393,84.998205,113.616854,76.997281
#394,92.565686,113.93054,76.543106
#395,103.20179,111.854619,76.243761
#396,103.843465,117.140155,77.193282
#397,73.535367,110.922122,76.541221
#398,95.097354,115.056954,78.556577
#399,84.738578,116.099065,79.422586
#400,77.374827,112.801865,75.621455
#401,72.316935,113.328858,79.313986
#402,84.681139,113.605176,76.361082
#403,95.952783,113.006764,75.958122
#404,69.369259,114.917329,79.28057
#405,78.218471,113.332559,77.764271
#406,62.598527,113.33206,78.342198
#407,89.905345,113.761195,75.581477
#408,75.560613,111.159644,76.903824
#409,104.373884,114.611187,78.698663
#410,72.476292,113.87073,75.460787
#411,82.716859,113.707911,79.212064
#412,73.798446,113.241267,75.764885
#413,90.196115,114.907843,77.299821
#414,80.185496,114.045995,78.514658
#415,77.072311,114.523275,78.621558
#416,97.668623,114.391541,75.973567
#417,73.683021,113.050527,75.545148
#418,96.803804,114.926575,76.247392
#419,73.938867,113.330537,78.799453
#420,97.9324,116.472305,79.341916
#421,73.5475,114.176301,79.481986
#422,84.744721,113.522025,78.942821
#423,73.290838,116.013095,80.220419
#424,80.625063,115.899801,77.838618
#425,81.653869,111.31994,74.929783
#426,74.542964,110.01574,75.449335
#427,72.510985,113.674588,80.511427
#428,83.695802,112.962665,75.637665
#429,74.118338,115.412175,78.756556
#430,78.946344,113.920419,78.374113
#431,74.045926,113.869696,78.315326
#432,73.438516,112.835688,77.809896
#433,94.353801,117.261779,78.215171
#434,87.469681,113.279281,78.696356
#435,73.610679,113.690127,78.500797
#436,77.009415,113.990849,78.732979
#437,71.932253,112.612979,78.752242
#438,75.218107,113.994234,80.313851
#439,74.62947,112.336125,74.871177
#440,80.19548,112.501762,75.67095
#441,101.83035,114.711886,77.248837
#442,78.057244,113.902502,78.036142
#443,75.96065,113.047644,78.589396
#444,81.778785,113.658295,77.823906
#445,86.478246,114.951116,78.162193
#446,92.676422,114.220082,76.968392
#447,78.797947,113.767137,77.512152
#448,94.567165,115.380702,78.303336
#449,77.475544,114.039212,77.313063
#450,74.73008,113.28749,80.088085
#451,85.74434,114.916324,78.64726
#452,91.724161,116.360125,78.780934
#453,97.784986,113.976391,75.910794
#454,81.632618,112.804125,79.386984
#455,83.751915,113.786144,80.308531
#456,100.501062,115.605117,78.29089
#457,71.548581,113.784944,78.43742
#458,77.956663,114.583161,79.080633
#459,80.528661,110.881305,77.448336
#460,73.687665,114.311782,78.598351
#461,81.211266,112.159617,78.134694
#462,78.055589,112.259533,75.548572
#463,98.418395,115.622979,79.496336
#464,81.872841,115.607252,78.232949
#465,77.225458,113.434166,79.129021
#466,76.099309,114.269834,79.135389
#467,91.12735,113.197473,76.391007
#468,71.481423,112.648199,73.318122
#469,65.998603,111.80349,73.651814
#470,77.165297,109.544001,73.269811
#471,67.433596,109.579728,73.198662
#472,70.367251,109.881628,73.216807
#473,67.473305,116.507805,77.98071
#474,101.615278,132.688863,75.234675
#475,79.84236,109.155186,73.1221
#476,67.204628,109.660023,73.750786
#477,67.493776,109.100921,72.924284
#478,72.370539,110.038506,73.199398
#479,70.341732,113.938282,78.683119
#480,68.08916,112.666199,79.008562
#481,113.770754,111.245195,76.340379
#482,117.386366,146.425167,80.207288
#483,71.477413,111.658787,75.856648
#484,76.803774,115.568697,79.767546
#485,84.976695,114.423287,78.823772
#486,75.122298,113.13961,75.270388
#487,92.874963,114.617757,78.529738
#488,69.117619,113.199885,79.285433
#489,89.926175,114.534043,77.827467
#490,102.261616,114.120402,76.746276
#491,89.29769,116.460152,78.424709
#492,78.635753,113.24237,80.14314
#493,71.570328,113.784206,78.495396
#494,70.032406,113.795545,78.662568
#495,80.197179,113.852478,80.079052
#496,86.395494,113.214344,78.880396
#497,73.125372,113.661594,78.497307
#498,77.808714,113.852174,79.363868
#499,75.795963,112.996898,77.561514
#500,68.744445,114.746093,79.007526
#501,85.385345,117.968826,80.23865
#502,82.838438,114.746277,78.507733
#503,87.976883,112.114652,75.240179
#504,71.629541,112.560506,76.16493
#505,78.995968,111.998768,76.202434
#506,88.144164,112.259526,78.123992
#507,94.167806,116.625881,78.731452
#508,111.191032,114.997572,79.372796
#509,81.621132,114.205097,78.86185
#510,105.932369,116.815584,78.453286
#511,74.586629,113.182488,79.395998
#512,113.06754,115.190038,76.687097
#513,71.987488,113.723065,78.357779
#514,98.145897,111.789502,75.57363
#515,102.473316,116.083538,80.525926
#516,80.037143,114.741284,78.221303
#517,82.539548,114.910508,78.424051
#518,100.433954,115.426561,75.323657
#519,75.933874,112.803896,76.803534
#520,84.398547,118.592579,78.955434
#521,70.739977,112.305959,78.050515
#522,77.348514,114.64427,76.165326
#523,72.894779,115.800503,78.352509
#524,77.513839,115.4822,78.71832
#525,118.239035,116.112738,79.142264
#526,105.988363,112.597784,74.717514
#527,77.195221,114.134825,78.052947
#528,78.178555,112.181242,76.684317
#529,99.759129,114.406777,75.512651
#530,75.583683,110.738271,74.181605
#531,73.119716,110.040911,73.234946
#532,68.171406,109.436392,73.542296
#533,68.016975,109.462403,73.183552
#534,72.80693,113.32957,76.843259
#535,85.48999,111.409805,75.116712
#536,85.713632,114.55428,75.54276
#537,74.773951,112.145735,73.800516
#538,81.886273,114.069713,80.26311
#539,69.854312,112.081168,75.857219
#540,89.254918,115.272874,78.764596
#541,71.642013,114.259071,78.505551
#542,82.879254,115.441542,78.73991
#543,77.818343,112.409062,76.498457
#544,73.421566,113.669252,78.098767
#545,99.836464,115.526368,79.578489
#546,90.353816,115.417114,78.042497
#547,74.495013,111.712033,75.331571
#548,80.709793,113.829697,77.323591
#549,68.8774,111.104381,74.986266
#550,69.660388,111.265366,75.233894
#551,75.455341,113.767328,79.551329
#552,75.564686,113.688629,80.462011
#553,75.605903,114.010496,78.764081
#554,83.48633,115.820566,78.707044
#555,73.661727,114.107068,79.720099
#556,79.728737,115.341316,78.267103
#557,85.041124,121.145242,95.414445
#558,116.736104,123.504814,82.653324
#559,118.800812,120.256836,80.730008
#560,81.873819,113.40845,78.568598
#561,77.477304,113.896073,79.480281
#562,78.564112,118.231561,81.846342
#563,116.332242,145.893846,93.672735
#564,108.625551,115.080157,76.685942
#565,101.665816,116.131272,78.93958
#566,86.755175,117.461904,79.665992
#567,124.445432,117.602578,78.966024
#568,78.171702,114.603604,77.772316
#569,80.09878,114.097128,79.424767
#570,97.242802,115.540854,78.570623
#571,74.85138,116.841564,80.094081
#572,90.267781,112.537544,75.580761
#573,65.645649,113.651273,78.664531
#574,90.323138,115.390474,77.159913
#575,73.999537,113.625756,78.573729
#576,81.800966,113.269013,78.449833
#577,73.136681,111.611747,75.699225
#578,82.199455,115.705463,78.857426
#579,102.863126,116.708434,78.909909
#580,74.599358,114.566589,80.198422
#581,93.792546,116.465322,79.144857
#582,86.287537,113.424847,75.649835
#583,86.452292,115.043042,77.507953
#584,82.875646,113.957651,78.514332
#585,86.14021,113.183726,79.086317
#586,78.740368,113.769018,79.364843
#587,80.789214,113.863748,78.952824
#588,73.092388,111.888139,75.955402
#589,78.282317,112.266129,75.62016
#590,106.535885,116.567439,78.779002
#591,73.867871,112.247958,76.403169
#592,85.102708,116.844788,79.291435
#593,86.183682,114.241557,75.076616
#594,73.499149,116.064716,85.88982
#595,90.574508,114.538404,75.611281
#596,70.494606,113.982372,76.261315
#597,80.772954,113.7571,78.961215
#598,84.70318,114.6226,78.433166
#599,88.951663,114.130108,75.769778
#600,74.035089,113.229218,79.288177
#601,77.617408,112.469423,78.106583
#602,94.016957,118.287367,79.517861
#603,79.238551,114.158307,78.564168
#604,72.726474,112.464387,79.70903
#605,80.334067,115.685773,78.324991
#606,84.291769,115.415904,78.486077
#607,73.578132,113.255044,78.35452
#608,87.560209,116.422609,78.561507
#609,106.222949,116.623777,78.33576
#610,84.258375,116.379272,78.050281
#611,75.324949,114.437687,78.575968
#612,74.082593,112.141022,76.785285
#613,76.979046,115.698763,79.195939
#614,86.400536,116.791453,78.820723
#615,71.227531,115.928463,79.619605
#616,80.432279,115.281584,79.650064
#617,82.404908,115.168705,75.662876
#618,75.049759,113.72245,79.434034
#619,83.981484,113.085887,76.409716
#620,87.497972,115.083998,77.962226
#621,77.287253,112.31249,76.554656
#622,79.603588,114.439679,78.499879
#623,75.960453,113.941357,79.108975
#624,73.936297,114.589267,78.817711
#625,79.606141,112.934297,76.445983
#626,100.455904,114.676683,75.789508
#627,70.435872,113.757359,78.544975
#628,79.080816,113.091303,79.173285
#629,72.257012,112.468661,75.220933
#630,82.933516,113.596038,74.355367
#631,82.933645,113.352681,78.214769
#632,69.083926,115.420182,78.991695
#633,111.896539,116.996477,78.47257
#634,74.590017,114.20817,78.194469
#635,86.326236,115.540408,78.706397
#636,71.355654,113.478379,79.465234
#637,90.104395,117.130094,81.278569
#638,82.439645,114.326484,79.488524
#639,103.849228,120.519644,85.830712
#640,120.756837,138.272918,82.921411
#641,119.652205,144.569175,96.243982
#642,118.431026,114.689409,75.462702
#643,71.945723,111.689499,75.636524
#644,98.015401,117.174738,79.862554
#645,90.419756,115.524926,78.443041
#646,106.122796,116.106558,78.15856
#647,79.410359,113.874697,79.403391
#648,96.474923,113.443149,77.533372
#649,77.663472,114.145102,79.855514
#650,82.482825,115.183001,75.772685
#651,74.599384,114.095601,78.419028
#652,82.540568,118.309112,79.712654
#653,105.349297,114.964745,79.686767
#654,75.93912,113.392399,79.488879
#655,78.915509,113.853999,79.034092
#656,73.899205,113.3335,78.935487
#657,88.787162,114.909106,76.356716
#658,80.174394,113.864762,78.740962
#659,75.638247,113.055537,79.217883
#660,84.395923,116.53147,79.139559
#661,84.421573,114.774498,80.334939
#662,77.828024,114.367692,79.939639
#663,73.351373,115.499441,78.198453
#664,74.06074,114.647265,79.078594
#665,78.577039,112.149427,75.276127
#666,89.114081,117.601656,79.168057
#667,80.059576,115.658491,78.633349
#668,82.894325,114.961026,79.276221
#669,87.244589,115.2369,79.542665
#670,70.04227,114.093531,78.97357
#671,73.223519,113.994671,79.648325
#672,81.183974,117.435586,78.91264
#673,77.31813,114.355913,78.871297
#674,81.17468,114.446543,78.746485
#675,87.826464,113.456207,77.930669
#676,89.375301,114.394812,75.908877
#677,73.106704,113.849905,93.70654
#678,116.877563,143.137811,93.747501
#679,117.992761,144.18038,91.582998
#680,94.654743,115.481671,78.940745
#681,78.467334,113.974401,79.199033
#682,73.570375,114.092981,79.881545
#683,80.833376,114.760383,79.437851
#684,75.508816,113.413883,78.960111
#685,90.826547,114.855881,79.48815
#686,79.320885,114.221572,78.392458
#687,82.556918,114.495031,80.301592
#688,91.904616,114.786914,79.091613
#689,72.90071,114.860567,78.428063
#690,81.009001,117.042342,79.670986
#691,82.987786,113.295521,76.11978
#692,85.781698,115.595921,78.796112
#693,92.514688,115.060045,78.920241
#694,101.484106,116.893064,78.514654
#695,117.698163,115.275282,78.999033
#696,96.843091,116.502467,77.611393
#697,74.544873,114.890077,79.018216
#698,86.899485,114.5075,76.867589
#699,71.668327,111.64971,77.552433
#700,78.746427,114.125466,78.647901
#701,108.050284,114.787255,78.406787
#702,86.355365,116.257953,78.694654
#703,83.34164,115.021467,79.509229
#704,76.248701,113.144108,79.884544
#705,76.518019,113.615696,79.555354
#706,82.969338,116.259173,78.891682
#707,96.756247,115.320219,78.744839
#708,89.246544,117.324575,81.276524
#709,118.3924,115.286068,75.718367
#710,96.99617,115.612915,78.553223
#711,107.410084,115.319194,79.654048
#712,91.785249,116.675421,79.622573
#713,73.612138,113.715077,78.602545
#714,83.003943,117.727461,85.3635
#715,103.268446,115.562183,78.59914
#716,80.190267,116.297503,81.987892
#717,110.619837,115.238004,75.503169
#718,72.941284,114.648136,80.582376
#719,110.46785,115.874609,82.13903
#720,70.82315,122.006155,98.010866
#721,120.53391,116.22741,78.576174
#722,72.969753,113.595365,81.609982
#723,95.740469,116.339137,78.64945
#724,72.239408,113.918315,78.460921
#725,109.615638,118.335043,78.682354
#726,88.892796,115.347592,78.226002
#727,75.978988,113.687124,80.274641
#728,82.773948,115.513792,77.853973
#729,71.483236,110.204407,76.058379
#730,99.674388,115.871671,78.268313
#731,102.7241,114.884684,75.558517
#732,74.335846,113.826103,78.188524
#733,78.194976,113.313501,78.481042
#734,76.304165,113.965508,79.66281
#735,85.595792,116.851284,78.028681
#736,85.34921,116.651204,78.77085
#737,86.667168,113.631113,77.735264
#738,86.342681,115.928272,79.692995
#739,72.996925,113.233865,79.412809
#740,84.126601,116.16119,78.623803
#741,103.304474,118.216079,79.193481
#742,111.325192,115.062389,78.754492
#743,82.522891,114.112789,75.777885
#744,88.31641,114.815934,80.034716
#745,80.30932,116.910291,78.379314
#746,83.741421,112.378067,76.327271
#747,73.943196,113.498599,79.093754
#748,82.381176,114.254073,80.270615
#749,91.40366,119.812078,79.284389
#750,77.882546,113.895634,78.266975
#751,87.079804,117.321308,79.014417
#752,84.004795,114.814025,80.238556
#753,83.878058,113.65826,75.487652
#754,79.325879,113.02641,75.577283
#755,88.823587,118.769515,80.321013
#756,75.515735,114.224019,78.861347
#757,97.427705,117.567437,78.837825
#758,81.305211,112.760439,76.504104
#759,85.517184,115.542421,75.807731
#760,93.948731,117.078995,78.308851
#761,72.471159,114.029138,78.34811
#762,72.258539,114.077889,78.656786
#763,78.665455,115.414275,78.570302
#764,104.400016,116.136432,78.711166
#765,81.436664,118.999411,80.11775
#766,104.939432,116.436891,79.114463
#767,70.548991,114.048369,79.605654
#768,102.851807,114.883102,76.216414
#769,86.433344,116.075604,78.918031
#770,87.296133,115.359752,78.894336
#771,76.118163,113.621022,79.660736
#772,105.17016,114.749598,76.117972
#773,95.245279,115.830993,78.693863
#774,93.753049,116.911839,78.962882
#775,77.046183,110.737686,76.070794
#776,73.761323,115.118009,79.074025
#777,73.367169,111.799396,76.119422
#778,80.166517,112.169762,75.914629
#779,100.048966,116.321869,77.975984
#780,78.522314,114.221775,79.935659
#781,84.135496,115.271198,79.309699
#782,83.639616,115.897365,78.751653
#783,92.527164,114.867217,78.437244
#784,70.632021,114.51454,78.688302
#785,97.596453,113.633755,77.178216
#786,77.846182,113.97176,78.977503
#787,76.040176,113.245189,75.201212
#788,86.834982,115.420144,78.805487
#789,71.182865,113.920221,75.36098
#790,76.610219,114.397521,80.132404
#791,82.292829,114.237531,78.307111
#792,92.900622,114.502157,78.355322
#793,95.544939,116.822572,78.936805
#794,75.082666,113.367326,79.269792
#795,71.640303,113.139205,79.244553
#796,74.859094,113.10195,76.863861
#797,95.816007,118.207559,78.749181
#798,72.7406,114.910645,78.378269
#799,104.133102,116.252994,78.593725
#800,82.317558,113.902748,78.409868
#801,89.198755,117.004495,82.326917
#802,118.317827,124.232591,99.246051
#803,120.171811,144.018482,78.822054
#804,74.196769,113.586627,78.962526
#805,88.616163,113.73775,78.82698
#806,71.93625,112.804709,76.382478
#807,82.134317,111.927427,77.080396
#808,83.283694,112.77342,76.686108
#809,71.679448,112.679015,78.948563
#810,116.848519,116.027656,78.319943
#811,78.789761,114.182442,79.842091
#812,104.101345,115.201225,78.772019
#813,77.715264,113.205421,79.413249
#814,77.445468,114.472016,77.27113
#815,71.94661,113.566523,78.29708
#816,83.659585,112.616849,76.719167
#817,63.427098,114.413005,78.698257
#818,77.121447,116.189389,78.917248
#819,105.200595,115.521635,78.713075
#820,84.316301,115.329598,76.005104
#821,83.150617,114.051378,78.174929
#822,73.838964,113.877968,78.478327
#823,106.100164,117.252321,78.912679
#824,80.294339,114.559668,80.013091
#825,80.132625,113.711523,81.080796
#826,77.40673,113.900962,77.280737
#827,78.624614,114.035058,78.759539
#828,78.416482,114.447945,78.583564
#829,85.827604,114.680367,75.377949
#830,104.723761,115.655755,79.8954
#831,73.938237,114.03604,78.783206
#832,81.10636,114.260718,78.460766
#833,76.664388,112.214277,75.45313
#834,75.220545,113.69883,79.020423
#835,92.150585,117.119778,77.742647
#836,87.339427,111.472257,75.449016
#837,106.718219,117.204619,78.743822
#838,77.58723,112.684097,75.527894
#839,85.131259,118.162726,78.839121
#840,78.114937,114.10814,78.750348
#841,103.786076,116.336888,78.435684
#842,77.731641,113.26042,77.867084
#843,75.708941,113.958206,79.126208
#844,71.388983,115.242957,78.570591
#845,74.813351,113.12356,78.559287
#846,70.998062,114.088683,79.268426
#847,103.09393,115.289306,78.644863
#848,117.863479,117.480234,80.902506
#849,78.377932,116.030034,79.784214
#850,77.559987,111.846725,76.820074
#851,73.4118,113.541219,78.348893
#852,80.583066,115.208172,80.032423
#853,76.611167,114.630319,78.32771
#854,102.001311,116.701544,75.817242
#855,75.821623,113.488572,78.615862
#856,76.250979,116.120521,79.049797
#857,83.15161,114.65012,78.088855
#858,82.218292,113.469937,74.546149
#859,74.801788,113.78704,79.164392
#860,88.009279,114.700441,79.584069
#861,76.952999,113.466601,75.719725
#862,110.517041,116.050471,79.822066
#863,74.859374,113.069304,76.784894
#864,73.768334,113.119484,75.93733
#865,96.609016,115.324326,76.716162
#866,69.429303,114.340536,78.252164
#867,78.558474,114.949621,79.162856
#868,91.417175,116.285173,78.813873
#869,80.21009,113.38603,77.086016
#870,71.077495,112.043391,75.301249
#871,89.646144,116.227154,80.281454
#872,74.900003,114.470546,78.753774
#873,81.092225,114.097536,78.589266
#874,87.140594,114.404884,75.670281
#875,69.940363,114.48479,78.569061
#876,115.727173,114.491665,75.813226
#877,77.09666,113.855894,78.312966
#878,83.790872,115.939534,78.93033
#879,92.139378,115.609442,77.963193
#880,92.018739,116.746573,77.972691
#881,82.50935,114.594759,78.984282
#882,91.871179,115.463194,78.685812
#883,73.845121,112.473742,76.818719
#884,70.893405,112.090798,78.757259
#885,114.146825,120.048652,93.189196
#886,104.875744,127.453303,92.484319
#887,89.605612,114.297229,77.32779
#888,109.151222,116.351653,79.299723
#889,71.928547,113.356643,82.833703
#890,117.822164,116.7501,80.399519
#891,96.175044,116.986733,78.668521
#892,98.696686,117.212644,78.456704
#893,70.586072,114.573346,80.810093
#894,83.33562,115.110131,79.287949
#895,71.007093,113.946703,78.5864
#896,73.770926,113.566358,79.54127
#897,81.801821,114.200717,78.692483
#898,82.319831,113.104643,76.955791
#899,91.878334,117.499014,79.245207
#900,84.160828,116.475278,79.691224
#901,75.153959,115.49368,79.356655
#902,82.696711,114.714144,78.881738
#903,106.162967,116.830723,78.654121
#904,76.144111,113.479517,78.412889
#905,117.924056,115.651599,79.910948
#906,82.654593,112.024405,76.506297
#907,74.228782,114.354893,78.786581
#908,76.014173,115.951959,79.196383
#909,85.535934,114.126518,78.531619
#910,77.098566,112.164757,75.313079
#911,73.713658,112.684479,75.302814
#912,87.672443,116.204252,79.609792
#913,74.469168,112.888487,74.790233
#914,74.51485,113.518498,78.759239
#915,77.212896,114.694952,79.187756
#916,70.777116,112.211175,75.371544
#917,82.599079,114.051582,80.366295
#918,72.68443,113.181004,79.885606
#919,73.700044,114.628001,79.377904
#920,117.315812,117.040682,79.243844
#921,70.068535,113.659696,78.431704
#922,79.201972,118.645588,81.496051
#923,75.768857,113.913957,78.722172
#924,72.434782,113.586811,79.145057
#925,95.462087,113.562272,76.712293
#926,78.840216,116.74464,80.10661
#927,93.392694,114.212126,78.918434
#928,69.981521,115.839553,78.519984
#929,87.866776,115.808315,78.241054
#930,72.454161,113.484363,79.165644
#931,78.545496,114.704039,78.013611
#932,83.442892,111.400317,75.213698
#933,74.599375,113.656906,78.971907
#934,115.713439,115.708494,79.649039
#935,76.042648,111.803874,75.667511
#936,71.907676,112.595974,76.117718
#937,83.602949,116.92549,79.915257
#938,81.155157,114.642079,79.116938
#939,77.250652,114.155047,78.96039
#940,80.189042,110.806527,74.097858
#941,99.055675,115.672291,74.247892
#942,74.578843,114.278707,78.823332
#943,109.573404,112.431053,76.027155
#944,75.651039,114.157488,79.247446
#945,81.631358,113.476036,76.044894
#946,83.987481,116.308786,78.864097
#947,82.592226,114.914741,79.801938
#948,84.387836,113.601034,78.65255
#949,73.979039,114.726673,77.947582
#950,75.0862,116.359691,88.142906
#951,81.181952,114.293216,77.103504
#952,83.294207,112.659513,76.586301
#953,78.316871,113.323176,80.183437
#954,78.249873,114.089915,79.177777
#955,100.837937,115.994456,78.256989
#956,77.708084,115.13358,78.479372
#957,95.790189,115.764739,78.795771
#958,71.371323,113.52093,79.922243
#959,110.88293,116.554396,78.08922
#960,69.725458,113.741035,78.256383
#961,78.70473,114.80614,78.291579
#962,117.207767,113.761569,81.447349
#963,91.072866,116.08524,79.26981
#964,75.926565,117.379352,91.58937
#965,81.662126,116.467079,81.253878
#966,73.100729,112.466807,76.20889
#967,102.590285,149.592525,83.953771
#968,71.819821,120.553385,82.591671
#969,106.652026,147.451326,94.487093
#970,117.485749,117.63303,79.054325
#971,74.484316,111.158339,74.917847
#972,71.747842,114.490829,79.321347
#973,83.211207,112.724234,78.07034
#974,82.008419,114.089211,76.772957
#975,75.780608,114.403564,78.168382
#976,82.901163,116.317808,78.515954
#977,72.428056,113.721419,79.460254
#978,105.963676,118.978464,81.666009
#979,76.070742,114.642884,78.484762
#980,78.948097,113.912605,80.014387
#981,89.056144,114.690303,76.657845
#982,71.566131,113.971076,78.924987
#983,77.601688,114.96632,78.692258
#984,86.957412,113.796175,75.995594
#985,85.848335,114.684104,78.868816
#986,71.412929,113.667259,78.805635
#987,73.433411,113.419317,79.228582
#988,81.707392,113.22324,76.06549
#989,98.435062,118.858393,81.317042
#990,90.752317,114.936404,78.885596
#991,77.746745,113.451142,78.49231
#992,116.875152,113.098641,75.504596
#993,90.68858,115.236901,76.352105
#994,85.134707,113.437555,76.577442
#995,79.553704,116.24327,79.177912
#996,105.273527,117.030197,78.145761
#997,74.027638,111.692289,76.731844
#998,84.469188,113.755973,78.878203
#999,77.069958,114.606056,79.229053
#1000,103.890854,115.038245,76.293895
